age_first_funding_year,age_last_funding_year,age_first_milestone_year,age_last_milestone_year,relationships,funding_rounds,funding_total_usd,milestones,is_software,is_web,is_mobile,is_enterprise,is_advertising,is_gamesvideo,is_ecommerce,is_biotech,is_consulting,is_othercategory,avg_participants,status,has_RoundABCD,has_Investor,has_Seed,invalid_startup,startUp_age_year
5.126,9.9973,7.0055,7.0055,9,4,40100000,1,0,0,0,1,0,0,0,0,0,0,4.75,1,1,1,0,0,1.0876712328767124
3.1315,5.3151,6.0027,6.0027,5,3,40000000,1,1,0,0,0,0,0,0,0,0,0,3.3333,1,1,0,0,0,5.002739726027397
4.5452,4.5452,5.0027,5.0027,3,1,7500000,1,0,0,0,0,0,0,0,0,0,1,3.0,0,1,0,0,0,5.950684931506849
1.7205,5.211,3.0,6.6082,6,3,26000000,2,1,0,0,0,0,0,0,0,0,0,1.6667,1,1,1,0,0,3.0
1.6466,6.7616,5.6055,7.3616,25,3,34100000,3,0,0,0,0,0,0,0,0,0,1,3.5,1,1,0,0,0,4.002739726027397
3.5863,11.1123,8.0055,9.9945,13,3,9650000,4,0,0,1,0,0,0,0,0,0,0,4.0,1,1,1,0,0,6.3342465753424655
1.6712,4.6849,2.9178,6.1151,14,3,5750000,4,0,1,0,0,0,0,0,0,0,0,1.0,1,1,1,0,0,3.336986301369863
4.6274,9.4493,10.1342,10.6493,22,3,27500000,3,0,0,1,0,0,0,0,0,0,0,1.0,1,1,0,0,0,8.052054794520547
4.9041,4.9041,3.055353047989626,4.754422568093388,0,1,350000,0,0,1,0,0,0,0,0,0,0,0,1.0,0,0,1,1,0,4.484931506849315
0.0192,2.4356,0.7945,4.3781,15,3,9950000,3,0,0,0,0,0,0,0,0,0,1,2.3333,1,1,0,0,0,0.2
4.6658,8.9973,8.8384,8.8384,12,5,10700000,1,1,0,0,0,0,0,0,0,0,0,2.5,1,1,0,0,0,7.35068493150685
6.6082,6.6082,3.055353047989626,4.754422568093388,0,1,200000,0,0,0,0,0,0,0,0,0,0,1,1.0,0,0,1,1,0,9.53972602739726
2.5863,6.7644,5.5014,5.5014,8,5,49000000,1,0,0,0,0,0,0,0,0,0,1,3.5,0,1,1,0,0,5.567123287671233
2.5014,2.8301,3.0877,3.4932,13,2,28000000,3,0,0,0,1,0,0,0,0,0,0,1.0,0,1,0,0,0,1.4438356164383561
2.2137,3.7863,4.0877,9.4986,8,2,4355000,3,1,0,0,0,0,0,0,0,0,0,1.5,1,1,1,0,0,7.698630136986301
3.8329,3.8329,3.7507,3.7507,3,1,15000000,1,0,0,0,0,0,0,0,0,0,1,2.0,0,1,0,0,0,5.005479452054795
5.4904,5.4904,0.0,0.0,1,1,3170000,1,0,1,0,0,0,0,0,0,0,0,2.0,0,1,0,0,0,7.005479452054795
0.2521,0.337,3.055353047989626,4.754422568093388,5,2,455000,0,0,0,0,0,0,0,0,0,0,1,4.5,0,1,1,0,0,1.9205479452054794
4.8411,4.8411,1.0,1.0,3,1,13000000,1,1,0,0,0,0,0,0,0,0,0,4.0,1,1,0,0,0,7.586301369863014
4.0603,4.0603,3.0027,3.0027,7,1,15000000,1,0,0,0,0,0,0,0,0,0,1,4.0,1,1,0,0,0,6.586301369863014
4.0685,4.0685,3.4192,5.2301,2,1,3800000,3,0,0,0,0,0,0,0,0,0,1,2.0,1,1,0,0,0,1.3342465753424657
1.189,1.189,2.189,7.7753,5,1,1000000,3,0,0,0,0,0,0,0,0,0,1,2.0,1,0,1,1,0,3.7616438356164386
1.3534,2.1644,4.5178,4.5178,3,2,10500000,1,0,0,0,0,0,0,0,0,0,1,2.0,0,1,0,0,0,2.0931506849315067
4.1534,5.1671,3.0,3.0,6,2,8600000,1,0,0,0,0,0,0,0,0,0,1,1.5,1,1,1,0,0,8.33972602739726
2.6575,2.6575,0.0,0.0,1,1,4000000,1,1,0,0,0,0,0,0,0,0,0,1.0,0,1,0,0,0,4.7972602739726025
0.6192,1.5945,1.0,4.3315,8,2,14600000,3,1,0,0,0,0,0,0,0,0,0,2.0,0,1,0,0,0,2.3095890410958906
1.063,5.7014,3.055353047989626,4.754422568093388,0,3,44000000,0,0,0,0,0,0,0,0,0,0,1,4.5,0,1,0,0,0,4.3780821917808215
0.1671,2.6493,0.6082,4.7507,10,3,1822922,3,0,0,0,0,0,0,1,0,0,0,2.3333,1,1,1,0,0,0.6328767123287671
0.0,5.9041,3.8411,7.137,18,7,29915001,5,0,0,0,0,1,0,0,0,0,0,2.75,1,1,1,0,0,3.23013698630137
0.0,4.8027,3.7205,7.6164,26,4,33000000,5,0,0,0,1,0,0,0,0,0,0,3.0,1,1,0,0,0,3.213698630136986
0.1041,2.3863,2.3315,2.7918,7,2,4000000,2,0,0,0,0,0,0,0,0,0,1,1.0,0,1,1,0,0,1.6547945205479453
3.4904,3.4904,5.6603,8.3425,10,1,10000000,3,0,0,0,1,0,0,0,0,0,0,2.0,1,1,0,0,0,5.432876712328767
4.6658,4.6658,8.7425,10.2247,25,1,6000000,4,0,0,0,0,1,0,0,0,0,0,3.0,1,1,0,0,0,7.808219178082192
2.6247,2.6247,3.055353047989626,4.754422568093388,4,1,25000000,0,1,0,0,0,0,0,0,0,0,0,5.0,1,1,0,0,0,6.6136986301369864
3.2082,3.2082,5.2548,7.8822,11,1,10000000,2,1,0,0,0,0,0,0,0,0,0,2.0,1,1,0,0,0,7.257534246575342
2.5836,2.5836,2.0,2.0,5,1,3000000,1,0,1,0,0,0,0,0,0,0,0,1.0,1,1,0,0,0,4.002739726027397
1.8932,2.4466,2.0,3.2767,4,2,11500000,3,0,0,1,0,0,0,0,0,0,0,1.0,1,0,0,0,1,1.0
0.7479,0.7479,4.0493,8.3233,12,1,5000000,5,0,1,0,0,0,0,0,0,0,0,3.0,1,1,0,0,0,5.16986301369863
5.1863,6.8137,7.3342,7.3342,9,2,29000000,1,0,0,0,0,0,0,0,0,0,1,5.0,1,1,1,0,0,10.093150684931507
0.6712,6.2329,4.0493,7.5973,37,6,34700000,4,0,0,0,1,0,0,0,0,0,0,5.0,1,1,1,0,0,3.835616438356164
1.1863,3.4986,3.055353047989626,4.754422568093388,0,2,12050000,0,1,0,0,0,0,0,0,0,0,0,2.0,0,1,1,0,0,6.3342465753424655
2.1644,4.7616,4.0027,6.7534,13,3,12000000,2,0,0,0,0,0,0,0,0,0,1,2.0,1,1,1,0,0,4.331506849315068
4.1041,4.1041,1.9151,1.9151,18,1,5500000,1,0,0,0,0,0,0,0,0,1,0,2.0,1,1,0,0,0,5.583561643835616
1.989,4.1534,2.8986,5.2575,10,3,24000000,4,1,0,0,0,0,0,0,0,0,0,3.3333,1,1,0,0,0,3.254794520547945
5.2027,6.189,7.5068,12.8932,6,2,10000000,2,0,0,1,0,0,0,0,0,0,0,4.5,1,1,0,0,0,9.734246575342466
3.4986,3.4986,3.0,3.0,6,1,5000000,1,0,0,0,0,0,0,0,0,0,1,1.0,0,1,0,0,0,5.010958904109589
4.0466,9.3041,6.0027,6.0027,2,5,18914576,1,0,0,0,1,0,0,0,0,0,0,3.0,1,1,1,0,0,9.175342465753424
6.3726,6.3726,3.055353047989626,4.754422568093388,0,1,4000000,0,1,0,0,0,0,0,0,0,0,0,3.0,0,0,1,1,0,9.342465753424657
1.326,2.7836,1.674,3.1342,5,3,2030882,2,1,0,0,0,0,0,0,0,0,0,3.0,1,1,0,0,0,1.3726027397260274
2.6438,2.6438,0.0,7.3918,4,1,5000000,2,0,0,0,0,0,0,0,0,0,1,1.0,1,1,0,0,0,4.315068493150685
1.0877,1.0877,3.055353047989626,4.754422568093388,5,1,20500000,0,1,0,0,0,0,0,0,0,0,0,4.0,0,0,1,1,0,10.416438356164383
3.9616,6.5205,4.5781,7.6877,4,2,13250000,4,0,0,0,0,1,0,0,0,0,0,2.0,1,0,1,1,0,4.087671232876712
7.2548,7.2548,7.0055,7.0055,7,1,12000000,1,0,0,0,0,0,0,0,0,0,1,2.0,1,0,0,0,1,10.852054794520548
1.3342,3.0247,3.0219,3.337,9,3,11489687,2,0,0,0,0,1,0,0,0,0,0,3.3333,1,1,1,0,0,4.728767123287671
0.6795,0.6795,2.9178,4.2274,15,1,4000000,3,0,1,0,0,0,0,0,0,0,0,3.0,1,1,0,0,0,2.3945205479452056
0.0,0.2466,2.4164,5.3151,10,2,118000,3,0,1,0,0,0,0,0,0,0,0,1.5,1,0,1,1,0,4.46027397260274
1.6685,9.337,7.3808,10.474,17,4,40400000,3,0,0,0,0,1,0,0,0,0,0,1.6667,1,1,0,0,0,7.498630136986302
1.8055,1.8055,3.055353047989626,4.754422568093388,1,1,3000000,0,1,0,0,0,0,0,0,0,0,0,1.0,0,1,0,0,0,3.665753424657534
2.6986,4.0027,1.0,1.0,2,2,19700000,1,1,0,0,0,0,0,0,0,0,0,4.0,0,1,1,0,0,7.7095890410958905
9.1671,9.1973,3.055353047989626,4.754422568093388,0,2,17800000,0,1,0,0,0,0,0,0,0,0,0,1.0,0,0,1,1,0,12.726027397260275
0.011,2.0986,3.0904,3.7836,12,3,57500000,3,0,0,0,0,0,0,0,0,0,1,4.0,1,1,1,0,0,0.6958904109589041
0.6658,3.0384,2.0,5.0548,10,3,17200000,5,0,0,0,0,0,1,0,0,0,0,2.6667,1,1,0,0,0,4.876712328767123
2.0466,2.0466,3.055353047989626,4.754422568093388,2,1,12000000,0,0,0,0,0,0,0,0,0,0,1,6.0,0,1,0,0,0,3.0027397260273974
3.9342,4.6822,4.0027,4.0027,3,2,18250000,1,0,0,0,0,0,0,0,0,0,1,2.5,1,1,0,0,0,9.005479452054795
2.1616,5.6384,3.8329,7.6932,13,4,41500019,5,0,0,0,0,0,0,0,0,0,1,4.0,1,1,0,0,0,6.336986301369863
5.4411,5.4411,3.055353047989626,4.754422568093388,1,1,1000000,0,1,0,0,0,0,0,0,0,0,0,3.0,0,1,0,0,0,11.008219178082191
1.1288,1.1288,1.0,2.6767,7,1,5000000,2,0,1,0,0,0,0,0,0,0,0,1.0,1,1,0,0,0,4.756164383561644
7.8877,10.6658,0.4137,0.4137,2,3,42700000,1,0,0,0,0,0,0,0,0,0,1,3.6667,0,1,1,0,0,10.005479452054795
2.526,3.1041,3.0027,9.126,5,2,22300000,2,1,0,0,0,0,0,0,0,0,0,4.5,1,1,0,0,0,8.09041095890411
4.0027,7.8712,0.1616,0.1616,5,2,10000000,1,0,0,0,0,0,0,0,0,0,1,4.0,1,1,1,0,0,9.09041095890411
1.1671,4.6658,3.055353047989626,4.754422568093388,1,3,15564591,0,0,0,0,0,1,0,0,0,0,0,3.5,0,1,1,0,0,5.758904109589041
2.5726,2.5726,2.4795,4.6685,7,1,500000,2,0,1,0,0,0,0,0,0,0,0,5.0,1,0,1,1,0,4.498630136986302
0.1151,1.3397,1.8329,2.6712,24,2,8950000,2,0,0,0,0,0,0,0,0,0,1,7.0,1,1,0,0,0,0.6109589041095891
1.7479,4.8192,4.0027,4.8192,8,4,55350000,2,0,0,0,0,0,0,0,0,0,1,4.0,1,1,0,0,0,5.583561643835616
3.7233,3.7233,3.055353047989626,4.754422568093388,1,1,4000000,0,0,0,0,0,0,0,0,0,0,1,3.0,0,1,0,0,0,9.67123287671233
1.6986,6.5151,3.2849,4.9315,3,5,10764323,3,1,0,0,0,0,0,0,0,0,0,2.0,1,1,1,0,0,5.750684931506849
1.4082,1.4082,0.0,0.0,1,1,5500000,1,1,0,0,0,0,0,0,0,0,0,3.0,0,0,1,1,0,4.750684931506849
4.2849,4.2849,2.4164,5.5151,7,1,400000,2,0,0,0,0,0,0,0,0,0,1,3.0,1,0,1,1,0,3.835616438356164
0.7507,3.0137,3.055353047989626,4.754422568093388,3,3,54000000,0,0,0,0,0,0,0,0,0,0,1,2.6667,0,1,1,0,0,4.835616438356165
20.8055,20.8055,3.055353047989626,4.754422568093388,2,1,32000000,0,1,0,0,0,0,0,0,0,0,0,7.0,0,1,0,0,0,26.84931506849315
5.789,5.789,3.055353047989626,4.754422568093388,1,1,13000000,0,1,0,0,0,0,0,0,0,0,0,4.0,1,1,0,0,0,11.923287671232877
0.0849,1.2712,3.055353047989626,4.754422568093388,5,3,12500000,0,1,0,0,0,0,0,0,0,0,0,2.3333,1,1,1,0,0,6.917808219178082
2.3507,8.2822,1.0027,8.2849,16,4,38064570,2,0,0,0,0,0,0,0,0,0,1,3.0,1,1,1,0,0,7.079452054794521
2.4658,4.8329,0.5863,5.6164,4,2,5000000,6,0,1,0,0,0,0,0,0,0,0,1.0,0,1,0,0,0,4.676712328767123
2.7233,2.7233,0.9151,6.3096,5,1,600000,3,0,1,0,0,0,0,0,0,0,0,7.0,1,0,1,1,0,4.126027397260274
0.7945,2.9014,3.0493,6.5233,11,2,2750000,3,0,1,0,0,0,0,0,0,0,0,4.0,1,1,1,0,0,4.054794520547945
2.9178,4.7342,3.055353047989626,4.754422568093388,1,2,30000000,0,0,0,0,0,0,0,0,0,0,1,2.5,1,1,0,0,0,8.095890410958905
4.0137,4.0137,3.055353047989626,4.754422568093388,0,1,7000000,0,0,0,0,0,0,0,0,0,0,1,1.0,0,1,0,0,0,8.597260273972603
0.411,0.411,0.0,2.5342,10,1,6100000,2,0,0,0,0,0,0,0,0,0,1,4.0,1,1,0,0,0,5.380821917808219
0.5315,1.9205,2.2548,2.9781,12,3,2100000,2,0,0,0,1,0,0,0,0,0,0,4.0,0,0,1,1,0,0.9315068493150684
0.1452,0.5014,0.4959,3.011,10,2,2565000,3,0,0,1,0,0,0,0,0,0,0,3.5,1,1,1,0,0,1.8027397260273972
10.7589,10.7589,3.055353047989626,4.754422568093388,0,1,2000000,0,0,0,0,0,0,0,0,1,0,0,1.0,0,0,0,0,1,14.10958904109589
2.5671,5.6904,2.0027,2.0027,3,3,22400000,1,0,0,0,0,0,0,0,0,0,1,3.6667,1,1,1,0,0,8.575342465753424
1.0822,1.0822,6.0027,6.0027,12,1,6250000,1,0,0,0,0,0,0,1,0,0,0,1.0,1,1,0,0,0,6.443835616438356
1.7479,1.7479,1.0,2.1096,4,1,575000,2,0,1,0,0,0,0,0,0,0,0,6.0,1,0,1,1,0,1.6547945205479453
0.0,0.5808,0.0,0.0,1,2,53000,1,0,1,0,0,0,0,0,0,0,0,1.0,0,0,1,1,0,2.1095890410958904
0.9151,2.7753,3.0027,3.6466,6,2,9500000,2,0,0,0,0,0,0,1,0,0,0,2.5,1,1,0,0,0,5.942465753424657
0.7562,4.4137,2.7836,4.0027,14,4,34250000,2,0,0,0,0,0,0,0,0,0,1,2.25,1,1,1,0,0,3.9123287671232876
2.4192,5.4384,2.0027,2.0027,2,3,26100000,1,0,0,0,0,0,0,0,0,0,1,3.5,1,1,1,0,0,8.002739726027396
7.5315,7.5315,10.7342,10.7342,2,1,30000000,1,0,1,0,0,0,0,0,0,0,0,5.0,1,0,1,1,0,12.008219178082191
1.0575,1.7699,1.0301,1.1123,6,3,132885,2,0,0,0,0,0,1,0,0,0,0,1.0,0,0,1,1,0,1.2712328767123289
6.1233,6.1233,6.0055,6.0055,9,1,18000000,1,0,0,0,0,0,0,0,0,0,1,7.0,1,0,1,1,0,12.008219178082191
1.8329,1.8329,1.7479,1.7479,4,1,690000,1,0,1,0,0,0,0,0,0,0,0,3.0,0,0,1,1,0,1.915068493150685
5.1644,6.0055,3.055353047989626,4.754422568093388,1,3,25131611,0,0,0,1,0,0,0,0,0,0,0,1.0,1,1,1,0,0,11.005479452054795
3.5288,3.5288,3.055353047989626,4.754422568093388,1,1,2000000,0,0,0,0,0,0,0,0,0,0,1,1.0,0,0,0,0,1,5.002739726027397
0.2521,4.4055,3.3151,6.7918,27,5,48500000,3,0,0,0,0,1,0,0,0,0,0,2.5,1,1,1,0,0,5.16986301369863
0.5726,0.5726,5.1671,8.0082,12,1,15000000,2,0,0,0,0,0,0,0,0,0,1,3.0,0,1,0,0,0,7.002739726027397
0.7479,2.3315,2.0,2.0,6,2,15000000,1,1,0,0,0,0,0,0,0,0,0,3.0,1,1,0,0,0,7.002739726027397
2.0027,3.9178,3.0027,5.2192,8,3,45000000,3,0,0,0,0,0,1,0,0,0,0,1.0,0,1,0,0,0,8.005479452054795
1.9178,1.9178,2.0027,2.0027,4,1,4410000,1,0,0,1,0,0,0,0,0,0,0,1.0,1,1,0,0,0,5.589041095890411
0.0,0.8959,2.0,2.6767,9,2,4500000,2,0,1,0,0,0,0,0,0,0,0,2.0,1,1,0,0,0,2.0
1.6712,3.7863,4.6685,5.6849,11,3,11040000,2,1,0,0,0,0,0,0,0,0,0,2.5,1,1,0,0,0,5.002739726027397
1.8822,1.8822,1.3288,2.9479,6,1,1600000,2,0,0,0,0,0,1,0,0,0,0,3.0,1,1,0,0,0,3.0
3.4164,3.874,7.7534,7.7534,3,2,9000000,1,1,0,0,0,0,0,0,0,0,0,4.0,1,1,1,0,0,10.005479452054795
1.3041,2.6493,0.0,3.6767,4,3,3282327,2,0,0,0,0,0,0,0,0,0,1,2.0,1,0,1,1,0,1.7534246575342465
4.1644,4.1644,5.5836,11.3918,5,2,24700000,5,0,1,0,0,0,0,0,0,0,0,4.0,1,1,0,0,0,10.005479452054795
5.6986,6.8877,3.055353047989626,4.754422568093388,2,2,8800000,0,0,0,0,0,0,0,0,0,0,1,1.0,0,1,1,0,0,10.005479452054795
1.1836,1.1836,0.9178,0.9178,1,1,1700000,1,0,1,0,0,0,0,0,0,0,0,1.0,0,1,0,0,0,4.336986301369863
0.2493,0.2493,0.0,0.7781,1,1,20000,2,0,1,0,0,0,0,0,0,0,0,1.0,0,0,1,1,0,1.5863013698630137
3.1041,4.9205,5.0027,8.3534,10,2,11500000,5,0,0,1,0,0,0,0,0,0,0,2.5,1,1,0,0,0,7.002739726027397
1.2219,1.2219,0.7479,2.6849,2,1,1350000,3,0,1,0,0,0,0,0,0,0,0,10.0,1,0,1,1,0,2.084931506849315
4.7068,4.7068,2.989,6.863,17,1,940261,2,1,0,0,0,0,0,0,0,0,0,1.0,1,1,0,0,0,6.254794520547946
1.6658,3.6712,3.6658,3.6712,12,2,4000000,3,0,1,0,0,0,0,0,0,0,0,3.0,1,1,1,0,0,4.83013698630137
1.9562,1.9562,1.0027,1.0027,5,1,5000000,1,0,1,0,0,0,0,0,0,0,0,1.0,0,1,0,0,0,4.252054794520548
0.0027,0.0027,0.5836,0.5836,3,1,20000,1,0,1,0,0,0,0,0,0,0,0,1.0,0,0,1,1,0,3.041095890410959
4.0301,4.0301,3.0027,3.0027,5,1,12500000,1,0,0,0,0,0,0,0,0,0,1,3.0,1,1,0,0,0,10.421917808219177
1.3397,4.6548,1.3589,1.3753,0,5,7228704,2,0,0,0,0,0,0,0,0,0,1,2.0,0,1,1,0,0,3.4164383561643836
4.3836,5.9562,5.4986,5.4986,5,2,55000000,1,0,0,0,0,0,0,0,1,0,0,4.0,0,1,1,0,0,6.419178082191781
2.063,6.6137,3.055353047989626,4.754422568093388,5,4,15180000,0,0,0,0,1,0,0,0,0,0,0,1.0,1,1,1,0,0,8.504109589041096
2.3479,3.4301,2.3562,4.0027,4,2,30000000,2,1,0,0,0,0,0,0,0,0,0,2.5,0,1,0,0,0,4.501369863013698
2.5233,2.6685,3.0027,4.4247,11,2,14500000,3,0,0,0,0,0,0,0,0,0,1,1.5,1,1,0,0,0,6.501369863013698
2.0685,2.0685,2.5808,4.3671,6,1,6500000,3,0,0,0,0,1,0,0,0,0,0,3.0,1,0,1,1,0,3.5835616438356164
0.0,0.0,0.0,0.0,2,1,15000,1,0,1,0,0,0,0,0,0,0,0,1.0,0,0,1,1,0,0.5068493150684932
0.7288,3.6055,1.589,4.1041,5,5,4705910,3,0,0,1,0,0,0,0,0,0,0,3.0,1,0,1,1,0,3.0876712328767124
2.8055,2.8055,3.0027,4.6493,6,1,3000000,2,0,0,0,0,0,1,0,0,0,0,1.0,1,0,1,1,0,4.586301369863014
0.3315,4.0027,2.3644,3.6685,8,4,1449998,3,0,0,0,0,0,0,0,0,0,1,1.0,0,0,1,1,0,4.671232876712328
0.6959,1.189,0.663,2.6247,5,2,6000000,3,0,0,1,0,0,0,0,0,0,0,6.0,1,1,1,0,0,1.6657534246575343
2.0603,6.2301,3.055353047989626,4.754422568093388,7,3,28200000,0,0,0,0,0,0,0,0,0,0,1,3.0,1,1,1,0,0,7.7534246575342465
3.1479,4.8795,5.0027,5.0027,5,2,14000000,1,1,0,0,0,0,0,0,0,0,0,2.0,1,1,1,0,0,7.1726027397260275
1.5808,1.5808,2.2521,2.5342,14,1,3000000,2,0,0,0,1,0,0,0,0,0,0,1.0,0,1,0,0,0,5.257534246575342
1.5151,1.7644,0.7479,0.7479,6,2,2238055,1,0,0,0,1,0,0,0,0,0,0,1.0,0,0,1,1,0,2.750684931506849
0.7123,2.2849,1.9507,2.2822,5,2,5200000,2,0,0,0,0,0,0,0,0,0,1,1.0,0,1,1,0,0,2.084931506849315
0.411,3.9699,4.2521,5.7671,13,4,24500000,4,1,0,0,0,0,0,0,0,0,0,2.5,0,1,0,0,0,6.1726027397260275
4.9068,8.1014,3.055353047989626,4.754422568093388,3,3,4476171,0,0,0,0,0,1,0,0,0,0,0,2.0,0,1,1,0,0,10.841095890410958
0.5014,2.4219,2.8192,5.8849,21,3,10400001,3,0,1,0,0,0,0,0,0,0,0,6.0,1,1,0,0,0,4.383561643835616
2.9288,4.6329,3.055353047989626,4.754422568093388,13,2,15200000,0,1,0,0,0,0,0,0,0,0,0,2.0,1,1,0,0,0,8.076712328767123
0.6192,1.5863,3.055353047989626,4.754422568093388,2,2,890000,0,0,0,1,0,0,0,0,0,0,0,3.0,0,0,1,1,0,1.0876712328767124
10.5315,10.5315,3.055353047989626,4.754422568093388,0,1,2600000,0,0,0,1,0,0,0,0,0,0,0,1.0,0,0,1,1,0,11.093150684931507
3.8685,3.8685,3.8301,4.0877,7,1,1226270,2,0,0,0,1,0,0,0,0,0,0,1.0,1,0,1,1,0,3.9205479452054797
6.737,8.2877,6.7534,6.7534,5,2,9000000,1,0,1,0,0,0,0,0,0,0,0,1.0,1,1,0,0,0,10.134246575342466
4.6521,8.1288,6.0055,6.0055,4,4,7210210,1,0,0,0,1,0,0,0,0,0,0,1.0,1,1,1,0,0,8.134246575342466
0.7397,1.1425,0.5808,0.5808,15,2,15700000,1,0,0,0,0,0,0,0,0,0,1,3.0,1,1,0,0,0,1.1397260273972603
5.6849,6.3151,5.0055,5.0055,4,2,15050000,1,1,0,0,0,0,0,0,0,0,0,2.5,1,1,1,0,0,12.178082191780822
0.7479,2.7507,1.5836,4.5315,5,2,3500000,2,0,0,0,0,0,1,0,0,0,0,3.0,1,1,0,0,0,5.5917808219178085
6.4767,7.3507,5.0055,5.0055,2,2,43000000,1,1,0,0,0,0,0,0,0,0,0,1.0,0,1,0,0,0,12.263013698630138
1.1616,3.0384,3.2658,5.5397,7,2,57000000,2,0,1,0,0,0,0,0,0,0,0,3.5,1,1,0,0,0,7.5917808219178085
0.8932,0.8932,0.8329,4.2137,8,1,1300000,4,0,1,0,0,0,0,0,0,0,0,4.0,1,0,1,1,0,5.178082191780822
3.0,5.0027,9.6247,10.3945,16,2,14500000,2,0,0,0,0,1,0,0,0,0,0,2.0,1,1,1,0,0,11.210958904109589
4.0849,5.5836,3.055353047989626,4.754422568093388,2,2,48000000,0,0,0,0,0,0,0,0,0,0,1,6.0,0,1,0,0,0,10.013698630136986
3.5041,5.4438,3.055353047989626,4.754422568093388,3,2,3508462,0,0,0,0,0,0,0,0,0,0,1,3.0,0,1,1,0,0,5.597260273972603
3.4301,5.5589,7.8384,7.8384,10,3,19500000,1,1,0,0,0,0,0,0,0,0,0,3.3333,1,1,0,0,0,10.178082191780822
0.4685,0.4685,1.1041,1.6795,5,1,3750000,3,0,0,1,0,0,0,0,0,0,0,9.0,1,0,0,0,1,0.4246575342465753
0.0,0.0,3.055353047989626,4.754422568093388,1,1,45000000,0,0,1,0,0,0,0,0,0,0,0,2.0,0,0,0,0,1,2.095890410958904
0.8164,5.5616,4.5562,7.9863,8,4,32500000,3,0,0,0,1,0,0,0,0,0,0,2.75,0,1,0,0,0,7.043835616438356
1.8384,8.3397,5.674,13.5562,4,2,4900000,5,0,0,0,1,0,0,0,0,0,0,1.5,1,1,1,0,0,12.134246575342466
2.2986,3.211,3.5945,4.5753,4,2,12000000,3,0,0,0,0,1,0,0,0,0,0,2.0,0,1,0,0,0,7.3123287671232875
0.0329,2.2055,4.5151,6.9123,12,3,7175000,6,0,1,0,0,0,0,0,0,0,0,2.6667,1,1,1,0,0,6.2684931506849315
1.1699,1.4986,0.0849,5.3863,3,2,4700000,4,0,1,0,0,0,0,0,0,0,0,1.5,0,1,1,0,0,6.4082191780821915
0.0,0.0,3.055353047989626,4.754422568093388,3,1,120000,0,0,0,0,0,0,0,0,0,0,1,2.0,0,0,1,1,0,4.8493150684931505
5.1041,8.6411,5.6712,6.8986,10,3,10000000,2,0,0,0,0,1,0,0,0,0,0,1.6667,1,1,1,0,0,10.04931506849315
4.9562,10.3151,3.055353047989626,4.754422568093388,0,4,39000000,0,0,0,0,0,0,0,0,0,0,1,3.0,0,1,1,0,0,11.895890410958904
2.2411,4.0301,3.055353047989626,4.754422568093388,3,2,16100000,0,1,0,0,0,0,0,0,0,0,0,2.5,1,1,0,0,0,9.408219178082192
1.2466,2.0849,2.4986,5.3233,4,2,3300000,3,0,0,0,0,1,0,0,0,0,0,2.0,1,1,1,0,0,6.410958904109589
1.5616,1.5616,1.2438,1.7726,6,1,750000,3,0,0,0,0,0,0,0,0,0,1,9.0,1,0,1,1,0,3.0931506849315067
2.4493,2.4493,3.055353047989626,4.754422568093388,0,2,1000000,0,1,0,0,0,0,0,0,0,0,0,2.0,0,0,1,1,0,6.101369863013699
11.3342,11.3342,3.055353047989626,4.754422568093388,3,1,7410000,0,0,0,0,0,0,0,0,1,0,0,3.0,0,0,1,1,0,16.942465753424656
6.8932,10.4082,3.055353047989626,4.754422568093388,5,3,52800000,0,0,0,0,0,0,0,0,0,0,1,5.3333,1,1,1,0,0,12.463013698630137
4.6685,9.1178,9.7534,12.8027,33,3,37000000,4,1,0,0,0,0,0,0,0,0,0,1.3333,0,1,0,0,0,11.465753424657533
1.137,3.737,2.463,3.2164,14,3,14229998,3,0,1,0,0,0,0,0,0,0,0,3.0,1,1,0,0,0,4.602739726027397
0.7205,2.4356,0.7671,2.7918,7,2,3000000,2,0,0,0,0,0,0,0,0,0,1,2.5,1,1,0,0,0,3.9342465753424656
4.0384,4.0384,6.0027,6.0027,10,1,20000000,1,0,0,0,0,1,0,0,0,0,0,1.0,1,1,0,0,0,7.53972602739726
0.7479,2.0959,1.6548,2.0959,6,2,2000000,3,0,0,0,0,1,0,0,0,0,0,1.5,1,0,1,1,0,3.706849315068493
3.8192,6.0932,9.0055,9.7726,3,2,19900000,2,1,0,0,0,0,0,0,0,0,0,2.0,1,1,1,0,0,9.553424657534247
1.2493,1.2493,2.589,2.589,6,1,1500000,1,0,0,0,0,0,0,1,0,0,0,1.0,0,0,0,0,1,5.901369863013699
0.0,0.0,1.2521,1.2521,4,1,325000,1,0,0,0,0,0,0,0,0,0,1,4.0,0,0,1,1,0,2.9397260273972603
0.463,0.463,1.2795,1.8192,16,1,3500000,2,0,0,0,1,0,0,0,0,0,0,5.0,0,1,0,0,0,1.8520547945205479
2.0027,4.3863,1.5836,4.1918,7,4,30000000,2,0,0,0,0,0,0,0,0,0,1,2.0,0,1,1,0,0,8.860273972602739
4.2384,4.2384,3.055353047989626,4.754422568093388,1,1,50000000,0,0,0,0,0,0,0,0,1,0,0,6.0,1,1,0,0,0,9.632876712328768
1.4712,1.4712,1.0027,1.4712,5,1,2000000,2,0,0,0,0,0,0,1,0,0,0,3.0,1,1,0,0,0,4.632876712328767
1.6849,5.8493,8.4219,8.4219,4,3,27690547,1,0,0,0,0,0,0,0,0,0,1,4.5,1,1,0,0,0,8.526027397260274
2.189,2.189,3.055353047989626,4.754422568093388,32,1,9000000,0,0,0,0,0,0,0,0,0,0,1,4.0,0,1,0,0,0,8.780821917808218
0.4192,1.4658,3.1315,4.137,12,2,7500000,3,0,0,0,1,0,0,0,0,0,0,3.5,1,1,0,0,0,4.293150684931507
0.6932,1.4986,3.4164,3.4164,9,2,10000000,1,1,0,0,0,0,0,0,0,0,0,2.0,1,1,0,0,0,5.717808219178083
1.4411,6.6795,2.0,2.0,7,4,5965000,1,1,0,0,0,0,0,0,0,0,0,1.0,1,1,1,0,0,6.728767123287671
5.1397,5.1397,7.0055,7.0055,2,1,5000000,1,0,0,0,0,1,0,0,0,0,0,1.0,0,0,1,1,0,9.797260273972602
1.0877,1.0877,5.0959,7.3863,15,1,11500000,2,0,0,0,0,1,0,0,0,0,0,2.0,1,1,0,0,0,8.838356164383562
1.0356,2.1479,1.5808,1.5808,2,2,1050000,1,0,1,0,0,0,0,0,0,0,0,1.0,0,0,1,1,0,3.1123287671232878
1.1644,1.3507,1.3507,3.3315,13,2,5500000,2,0,1,0,0,0,0,0,0,0,0,2.0,1,1,0,0,0,5.865753424657535
0.8301,2.8329,1.0877,3.337,17,3,5000000,4,0,0,0,0,1,0,0,0,0,0,1.6667,1,1,1,0,0,5.789041095890411
1.2137,3.0082,3.055353047989626,4.754422568093388,4,2,7000000,0,1,0,0,0,0,0,0,0,0,0,2.0,0,1,0,0,0,6.961643835616439
1.2466,2.1616,2.0,3.8137,14,2,32000000,4,0,0,0,0,0,0,0,0,0,1,3.5,0,1,0,0,0,8.005479452054795
0.7123,4.2301,2.6685,3.0575,8,3,7900000,2,0,0,0,0,1,0,0,0,0,0,2.0,1,1,0,0,0,6.005479452054795
4.8247,4.8247,0.2466,0.2466,1,1,5000000,1,0,0,1,0,0,0,0,0,0,0,1.0,0,0,1,1,0,8.005479452054795
1.0,3.1863,2.4301,7.6247,5,2,2100000,3,0,0,0,0,0,0,0,0,0,1,1.5,1,1,1,0,0,7.005479452054795
0.2055,4.3973,3.4164,3.4164,6,4,22250000,1,0,0,0,1,0,0,0,0,0,0,2.5,1,1,0,0,0,8.09041095890411
0.0,0.0,3.5918,4.326,0,1,1000000,2,0,1,0,0,0,0,0,0,0,0,1.0,1,0,1,1,0,5.090410958904109
2.3452,2.3452,3.055353047989626,4.754422568093388,0,1,35000000,0,0,0,0,0,0,0,0,0,0,1,1.0,0,1,0,0,0,5.090410958904109
5.5945,5.5945,3.055353047989626,4.754422568093388,3,1,26000000,0,0,0,0,0,0,0,0,0,0,1,2.0,1,0,1,1,0,13.172602739726027
0.6712,0.6712,0.0,0.7562,3,1,100000,2,0,0,0,0,0,1,0,0,0,0,1.0,0,0,1,1,0,2.835616438356164
1.0,1.0,3.811,4.9178,6,1,5000000,3,0,0,1,0,0,0,0,0,0,0,1.0,1,1,0,0,0,7.7534246575342465
6.8356,8.3096,3.055353047989626,4.754422568093388,5,2,7300000,0,0,0,0,0,0,0,0,1,0,0,3.0,0,1,1,0,0,13.257534246575343
0.5808,5.2521,3.0877,4.1699,11,4,23350000,2,0,0,0,0,0,1,0,0,0,0,3.0,1,1,1,0,0,6.419178082191781
3.6877,5.9644,3.055353047989626,4.754422568093388,7,2,13500000,0,1,0,0,0,0,0,0,0,0,0,2.5,1,1,1,0,0,10.58904109589041
7.3534,8.126,11.0329,11.0575,13,2,24500000,2,0,0,0,0,0,0,0,0,0,1,5.5,1,0,0,0,1,13.33972602739726
3.6027,3.6027,3.0027,3.0027,2,1,10000000,1,0,0,0,0,0,0,0,0,0,1,4.0,0,1,0,0,0,11.336986301369864
16.4192,16.4192,3.055353047989626,4.754422568093388,0,1,6000000,0,0,0,0,0,0,0,0,0,0,1,3.0,0,1,0,0,0,21.345205479452055
1.337,1.337,1.3479,1.3479,3,1,2000000,1,1,0,0,0,0,0,0,0,0,0,2.0,1,1,0,0,0,4.835616438356165
1.1123,1.937,0.0,1.1123,3,2,4100000,2,0,0,0,1,0,0,0,0,0,0,1.5,1,1,0,0,0,2.9178082191780823
0.3699,0.3699,1.9507,8.3178,5,1,6200000,4,0,0,0,0,0,0,0,0,0,1,2.0,1,1,0,0,0,8.704109589041096
4.0877,5.5753,4.0027,4.0027,8,2,12250000,1,0,0,0,0,1,0,0,0,0,0,2.5,1,1,0,0,0,10.336986301369864
3.3945,5.0712,5.7233,8.7342,3,2,11725600,2,0,0,1,0,0,0,0,0,0,0,2.0,1,1,0,0,0,10.054794520547945
4.3151,5.8301,3.055353047989626,4.754422568093388,1,2,16000000,0,1,0,0,0,0,0,0,0,0,0,3.0,0,1,0,0,0,12.421917808219177
2.4767,4.3836,3.3945,4.9863,10,3,5056559,2,0,0,1,0,0,0,0,0,0,0,1.6667,1,1,1,0,0,6.810958904109589
0.4137,0.4137,6.8329,8.874,9,1,100000,3,0,1,0,0,0,0,0,0,0,0,1.0,1,0,1,1,0,8.419178082191781
4.0877,9.3068,6.0027,6.0027,5,3,33000000,1,0,0,0,1,0,0,0,0,0,0,3.6667,1,1,1,0,0,12.421917808219177
1.7863,3.3014,2.0822,2.3288,8,3,3352194,2,0,0,0,0,0,0,0,0,0,1,9.5,0,1,1,0,0,4.416438356164384
5.9014,7.2904,3.055353047989626,4.754422568093388,1,4,19800000,0,0,0,0,0,0,0,0,1,0,0,5.0,1,1,1,0,0,9.421917808219177
0.8301,1.0986,1.1014,1.1616,6,2,4500000,2,0,1,0,0,0,0,0,0,0,0,3.0,0,1,1,0,0,3.3315068493150686
4.0027,4.0055,4.0027,4.0027,2,2,14000000,1,1,0,0,0,0,0,0,0,0,0,1.5,1,1,1,0,0,9.421917808219177
0.0548,0.0548,0.0685,0.4,4,1,100000,2,0,0,0,0,0,0,0,0,0,1,1.0,0,0,1,1,0,1.5561643835616439
2.3562,3.4274,3.0027,5.3425,4,2,9900000,2,1,0,0,0,0,0,0,0,0,0,2.0,1,1,0,0,0,9.421917808219177
0.0,5.063,5.0055,5.7945,10,3,7600000,2,0,0,0,0,1,0,0,0,0,0,5.0,1,1,0,0,0,5.419178082191781
0.0,0.0,0.737,0.737,2,1,50000,1,0,0,0,0,0,1,0,0,0,0,2.0,0,0,1,1,0,4.920547945205479
0.9178,2.7288,2.4164,2.7288,8,3,10500000,3,0,0,1,0,0,0,0,0,0,0,2.0,0,1,1,0,0,5.419178082191781
0.4712,0.4712,0.0,0.9178,12,1,500000,2,0,1,0,0,0,0,0,0,0,0,1.0,1,0,1,1,0,1.4164383561643836
1.9342,4.0438,2.0027,10.189,2,2,24300000,3,0,1,0,0,0,0,0,0,0,0,2.5,1,1,0,0,0,10.421917808219177
7.4904,7.874,7.0055,7.0055,6,2,18000000,1,0,0,0,0,0,0,0,0,0,1,4.0,0,1,1,0,0,14.424657534246576
0.6548,3.5452,3.8438,6.5589,27,3,26000000,5,0,0,0,0,0,0,0,0,0,1,3.6667,1,1,0,0,0,6.090410958904109
2.2466,5.0356,3.055353047989626,4.754422568093388,2,2,9500000,0,0,0,0,0,0,0,0,0,0,1,3.0,0,1,1,0,0,8.419178082191781
7.3151,7.3151,5.0055,5.0055,6,1,16980999,1,0,0,0,0,0,0,0,1,0,0,1.0,1,1,0,0,0,13.424657534246576
1.0027,1.0027,1.1644,3.5699,2,1,5000000,2,0,0,0,0,0,1,0,0,0,0,3.0,0,1,0,0,0,9.421917808219177
1.6712,1.6712,3.055353047989626,4.754422568093388,3,1,350000,0,0,0,0,0,0,0,0,0,0,1,1.0,0,0,1,1,0,6.1726027397260275
1.2384,4.9726,1.0,1.0,1,5,13130000,1,0,1,0,0,0,0,0,0,0,0,2.0,0,1,1,0,0,7.419178082191781
2.8247,2.8247,0.0,2.8219,1,1,20000000,2,1,0,0,0,0,0,0,0,0,0,1.0,0,1,0,0,0,5.501369863013698
0.5014,3.2959,2.0685,6.9973,18,3,26500000,4,0,0,1,0,0,0,0,0,0,0,2.0,1,1,1,0,0,7.087671232876712
3.6986,4.1041,3.055353047989626,4.754422568093388,4,2,15000000,0,0,0,0,1,0,0,0,0,0,0,5.0,1,1,0,0,0,11.504109589041096
4.3041,4.3041,3.055353047989626,4.754422568093388,0,1,2600000,0,0,0,0,0,0,0,0,0,0,1,1.0,0,1,0,0,0,11.504109589041096
2.3973,6.0329,3.055353047989626,4.754422568093388,1,4,21470000,0,0,0,0,0,0,0,0,0,0,1,3.5,0,1,0,0,0,9.504109589041096
0.0,0.0,0.274,0.863,5,1,20000,2,0,0,1,0,0,0,0,0,0,0,1.0,0,0,1,1,0,3.16986301369863
1.9151,2.5808,2.0,6.9178,10,2,3600000,3,0,1,0,0,0,0,0,0,0,0,1.0,0,1,1,0,0,8.501369863013698
0.8329,7.2521,8.0055,8.4,23,7,27300000,4,0,0,0,0,0,1,0,0,0,0,2.0,1,1,1,0,0,8.172602739726027
0.5863,0.5863,1.0493,1.0493,8,1,2600000,1,0,0,0,0,0,0,1,0,0,0,2.0,1,1,0,0,0,1.4986301369863013
0.8027,0.8027,0.0,1.411,5,1,5000000,2,0,1,0,0,0,0,0,0,0,0,1.0,0,1,0,0,0,3.4986301369863013
4.7589,6.2247,3.6685,6.2247,2,2,17000000,2,0,0,1,0,0,0,0,0,0,0,3.5,1,1,0,0,0,9.504109589041096
4.3699,4.3699,3.055353047989626,4.754422568093388,0,1,662000,0,0,0,0,0,0,0,0,0,0,1,3.0,0,1,0,0,0,5.501369863013698
0.0,1.0247,2.0055,2.7315,12,2,3750000,2,0,0,0,0,0,0,0,0,0,1,4.0,1,1,1,0,0,3.4986301369863013
0.9726,6.7534,5.2466,9.1534,57,4,45000000,8,0,0,0,0,0,0,0,0,0,1,4.6667,1,1,0,0,0,8.726027397260275
3.8849,5.863,2.8356,6.1123,9,2,6700000,4,0,0,0,0,0,0,0,0,0,1,8.0,1,0,1,1,0,5.668493150684932
0.1753,3.8795,2.0,4.474,12,3,20750000,2,0,0,0,0,0,0,0,0,0,1,2.3333,1,1,1,0,0,7.586301369863014
1.1616,7.5041,3.055353047989626,4.754422568093388,5,4,19000000,0,0,0,0,0,0,1,0,0,0,0,2.0,1,1,0,0,0,7.586301369863014
0.5041,3.0986,2.2384,3.7562,10,3,7300000,3,0,0,0,0,1,0,0,0,0,0,2.0,1,1,1,0,0,7.717808219178083
0.7479,7.8247,4.3151,5.9041,16,7,26390819,3,0,1,0,0,0,0,0,0,0,0,1.3333,0,1,1,0,0,7.882191780821918
4.4959,4.4959,3.055353047989626,4.754422568093388,4,1,10000000,0,1,0,0,0,0,0,0,0,0,0,3.0,1,1,0,0,0,8.254794520547945
0.0849,0.0849,0.0,0.0,1,1,31000,1,0,1,0,0,0,0,0,0,0,0,2.0,0,0,1,1,0,2.9205479452054797
1.7479,2.7288,1.7479,6.1452,16,3,21500000,4,0,0,1,0,0,0,0,0,0,0,3.3333,1,1,0,0,0,7.4
4.8521,4.8521,6.5863,6.5863,5,1,4000000,1,0,0,0,0,0,0,0,0,0,1,5.0,1,0,0,0,1,11.202739726027398
0.5041,3.7068,2.9863,4.0219,5,3,9400000,4,0,0,0,0,0,1,0,0,0,0,4.0,1,1,1,0,0,6.7095890410958905
0.0411,2.1288,1.7562,4.874,9,3,5600000,4,0,1,0,0,0,0,0,0,0,0,2.0,1,1,0,0,0,5.726027397260274
2.0027,3.0466,3.5836,5.4767,9,2,6000000,2,0,0,0,0,0,0,0,0,0,1,2.5,1,1,0,0,0,7.104109589041096
0.7534,3.0712,3.9178,4.5041,16,3,2000000,2,0,0,0,0,0,0,0,0,0,1,3.6667,1,0,1,1,0,4.293150684931507
0.4548,0.7041,0.5808,1.737,5,2,1000000,3,0,0,0,0,0,0,0,0,0,1,5.5,1,1,1,0,0,4.7095890410958905
1.126,1.4055,0.7918,1.3973,3,2,200000,2,0,0,0,0,0,1,0,0,0,0,2.0,0,1,1,0,0,5.758904109589041
1.8658,1.8658,0.0,1.863,2,1,2300000,2,0,0,0,0,0,0,0,0,0,1,2.0,0,1,0,0,0,6.553424657534246
2.2164,2.2164,0.7479,3.4164,5,1,1000000,4,0,0,1,0,0,0,0,0,0,0,1.0,0,1,0,0,0,7.605479452054794
0.8356,5.7534,4.9781,7.0301,13,5,24750000,3,0,0,0,0,0,0,0,0,0,1,2.4,1,1,1,0,0,9.860273972602739
2.5534,6.3945,6.6356,6.6356,15,2,12800000,1,1,0,0,0,0,0,0,0,0,0,2.0,0,1,0,0,0,8.271232876712329
4.2384,6.5753,7.0027,7.0027,10,2,30500000,1,0,0,0,1,0,0,0,0,0,0,4.5,1,1,0,0,0,12.745205479452055
5.5671,8.5342,5.6055,7.8384,3,3,36300000,2,0,0,0,0,0,0,0,0,0,1,1.5,0,1,1,0,0,10.032876712328767
2.1726,3.0849,3.0877,4.7753,7,3,6693782,3,0,0,0,0,0,0,0,0,0,1,1.6667,1,0,1,1,0,5.276712328767124
11.4329,11.4329,3.055353047989626,4.754422568093388,1,1,20000000,0,0,0,0,0,0,0,0,0,0,1,5.0,0,1,0,0,0,17.8
3.4767,3.4767,3.6849,5.6274,8,1,11370000,3,0,0,0,0,0,0,0,0,0,1,2.0,1,1,0,0,0,8.832876712328767
0.5863,2.6384,3.5425,6.0712,13,3,16500000,4,0,1,0,0,0,0,0,0,0,0,1.3333,1,1,0,0,0,7.005479452054795
0.0,0.0,3.411,3.411,3,1,250000,1,0,0,0,0,0,0,0,0,0,1,3.0,0,0,1,1,0,4.750684931506849
0.5041,3.3562,3.4219,7.2274,9,5,14400000,5,0,1,0,0,0,0,0,0,0,0,5.8,1,1,1,0,0,6.838356164383562
1.0164,7.1534,5.6959,8.1781,10,4,13075000,2,0,0,0,0,1,0,0,0,0,0,4.0,1,1,0,0,0,8.2986301369863
3.1616,3.6904,3.0027,4.5041,6,2,16300000,2,0,0,0,1,0,0,0,0,0,0,2.0,1,1,0,0,0,5.419178082191781
4.4521,7.2274,7.0055,7.0055,5,2,5992316,1,0,0,0,1,0,0,0,0,0,0,2.0,1,1,1,0,0,10.421917808219177
0.8027,0.8027,5.3151,5.3151,4,1,1200000,1,1,0,0,0,0,0,0,0,0,0,1.0,0,1,0,0,0,8.065753424657535
1.1836,1.3781,1.3288,3.1096,7,2,1900000,2,0,1,0,0,0,0,0,0,0,0,2.5,0,1,1,0,0,4.416438356164384
9.3534,12.4055,7.0055,11.3836,9,3,30300000,2,0,0,0,0,0,1,0,0,0,0,4.5,0,1,1,0,0,14.424657534246576
2.0027,2.0027,3.055353047989626,4.754422568093388,4,1,500000,0,0,1,0,0,0,0,0,0,0,0,5.0,0,0,1,1,0,6.761643835616439
7.1205,7.1205,3.055353047989626,4.754422568093388,3,1,18800000,0,0,0,0,0,0,0,0,0,0,1,7.0,1,1,0,0,0,13.424657534246576
0.1616,2.1781,1.5096,2.1781,3,4,3350000,2,0,0,1,0,0,0,0,0,0,0,1.5,1,1,1,0,0,4.416438356164384
5.0192,5.0192,3.055353047989626,4.754422568093388,1,1,26100000,0,0,0,0,0,0,0,0,1,0,0,2.0,1,0,1,1,0,8.419178082191781
1.411,2.5151,3.055353047989626,4.754422568093388,0,2,1213066,0,0,0,0,1,0,0,0,0,0,0,1.0,0,0,1,1,0,4.416438356164384
0.8438,4.2219,0.7616,4.9288,18,3,24030000,3,0,0,0,0,1,0,0,0,0,0,3.6667,1,1,0,0,0,5.419178082191781
0.4986,3.4247,1.9863,5.9616,14,3,13100000,5,0,0,0,0,0,0,0,0,0,1,1.6667,1,1,1,0,0,6.671232876712328
0.0822,1.7671,0.3014,5.0082,6,3,560001,5,1,0,0,0,0,0,0,0,0,0,3.5,1,0,1,1,0,5.16986301369863
2.8493,2.8493,2.9068,4.1918,7,1,3500000,3,0,0,0,1,0,0,0,0,0,0,2.0,1,1,0,0,0,4.416438356164384
0.9726,3.8438,2.0,2.0,18,4,42500000,1,0,0,1,0,0,0,0,0,0,0,2.5,1,1,1,0,0,8.419178082191781
5.4384,6.4192,6.0055,6.0055,26,2,36000000,1,1,0,0,0,0,0,0,0,0,0,3.5,1,1,1,0,0,13.424657534246576
2.5973,2.5973,2.9178,5.4822,7,1,12170000,2,0,0,0,1,0,0,0,0,0,0,3.0,0,1,0,0,0,7.838356164383562
5.7534,5.7534,8.0055,9.8356,4,1,1000000,2,1,0,0,0,0,0,0,0,0,0,3.0,1,1,0,0,0,11.421917808219177
6.9699,6.9699,0.0849,11.9699,6,1,5000000,2,0,0,0,0,0,0,0,0,0,1,5.0,1,1,0,0,0,12.421917808219177
0.8384,1.4055,1.6356,1.6356,4,2,18800000,1,0,0,0,0,0,0,0,0,0,1,2.5,1,1,0,0,0,3.4164383561643836
2.4164,4.7753,4.0027,4.0027,2,2,15000000,1,1,0,0,0,0,0,0,0,0,0,2.5,0,1,0,0,0,10.421917808219177
2.2521,4.7397,5.337,7.274,22,3,39007789,5,0,0,0,1,0,0,0,0,0,0,3.0,1,1,0,0,0,9.257534246575343
0.3288,2.0932,1.3288,2.7534,4,3,172500,2,0,1,0,0,0,0,0,0,0,0,1.0,1,0,1,1,0,4.416438356164384
1.6658,2.1123,2.3041,3.5507,23,2,6100000,2,0,0,0,0,0,0,0,0,0,1,1.0,1,1,0,0,0,4.2246575342465755
2.2192,7.9315,1.6685,9.0904,7,3,40300000,5,0,0,1,0,0,0,0,0,0,0,4.0,1,1,1,0,0,9.421917808219177
0.3616,0.3616,0.3753,0.5425,9,1,100000,3,0,0,0,0,0,0,1,0,0,0,1.0,0,0,1,1,0,2.3972602739726026
0.3342,5.4904,2.7507,5.589,14,5,19389998,2,0,0,0,0,0,0,0,0,0,1,1.5,1,1,1,0,0,5.7534246575342465
3.4411,3.4411,4.0027,5.7178,6,1,6000000,2,1,0,0,0,0,0,0,0,0,0,2.0,1,1,0,0,0,6.419178082191781
0.2219,2.0548,0.0411,3.9178,8,4,3499997,3,0,0,0,0,1,0,0,0,0,0,1.5,1,1,1,0,0,4.624657534246575
1.2521,1.874,4.7178,5.0959,13,3,2600000,2,0,0,0,0,0,0,0,0,0,1,3.6667,1,1,1,0,0,7.257534246575342
5.1068,5.1068,3.055353047989626,4.754422568093388,3,1,25000000,0,0,0,0,0,0,0,0,0,0,1,4.0,1,0,1,1,0,11.421917808219177
1.4192,1.4466,1.663,1.663,5,2,1000000,1,0,0,0,0,1,0,0,0,0,0,3.5,1,0,1,1,0,3.750684931506849
1.3288,2.063,3.2493,3.7836,11,2,13000000,2,0,0,1,0,0,0,0,0,0,0,3.0,1,1,0,0,0,3.4164383561643836
7.6932,14.0329,12.5041,14.0329,3,3,24150000,2,1,0,0,0,0,0,0,0,0,0,2.3333,0,1,1,0,0,15.424657534246576
5.8411,8.2219,3.055353047989626,4.754422568093388,4,3,47218498,0,0,0,0,0,0,0,0,0,0,1,3.3333,0,1,1,0,0,9.421917808219177
3.6137,4.3753,0.0,7.9178,1,2,11800000,2,0,0,0,0,0,0,0,0,0,1,4.5,1,1,0,0,0,11.421917808219177
1.5973,2.1781,0.0822,0.0822,2,2,2387481,1,0,0,0,0,0,0,0,0,0,1,1.0,0,0,1,1,0,4.750684931506849
0.8356,7.5863,11.589,13.5863,35,4,33000000,5,0,0,0,0,0,0,0,0,1,0,2.5,1,1,1,0,0,13.424657534246576
2.6712,3.8822,4.0027,7.3205,4,2,7500000,3,1,0,0,0,0,0,0,0,0,0,1.5,1,1,0,0,0,8.419178082191781
6.7479,6.7479,4.0027,4.0027,3,1,25000000,1,0,0,0,0,0,0,0,1,0,0,1.0,1,1,0,0,0,13.424657534246576
3.7096,8.9562,4.0027,4.0027,7,4,25305000,1,1,0,0,0,0,0,0,0,0,0,2.0,1,1,1,0,0,11.421917808219177
0.8356,1.8986,2.3014,3.8356,21,2,4950000,3,0,1,0,0,0,0,0,0,0,0,12.5,1,1,1,0,0,5.419178082191781
2.2712,6.3781,3.055353047989626,4.754422568093388,8,6,53816776,0,1,0,0,0,0,0,0,0,0,0,5.0,1,1,1,0,0,9.764383561643836
5.0767,5.0767,4.7562,6.0466,7,1,5000000,2,0,0,0,1,0,0,0,0,0,0,1.0,1,1,0,0,0,6.1726027397260275
0.0,2.5397,3.7699,5.9233,9,3,2515000,3,0,0,0,0,0,0,0,0,0,1,1.6667,1,1,1,0,0,6.005479452054795
1.0849,2.4986,2.5205,5.0192,10,2,8400000,3,0,1,0,0,0,0,0,0,0,0,2.0,1,1,0,0,0,7.419178082191781
2.5836,4.0027,2.0301,4.6164,5,2,4900000,3,0,0,1,0,0,0,0,0,0,0,1.0,0,1,0,0,0,9.421917808219177
4.2959,4.2959,5.0027,5.0027,3,1,5000000,1,1,0,0,0,0,0,0,0,0,0,5.0,0,0,1,1,0,12.421917808219177
4.4904,4.4904,3.055353047989626,4.754422568093388,2,1,11000000,0,0,0,0,0,0,0,0,0,0,1,3.0,1,1,0,0,0,12.421917808219177
3.0877,4.2795,3.6356,4.6685,7,2,2000000,2,1,0,0,0,0,0,0,0,0,0,8.5,1,1,1,0,0,6.419178082191781
0.6685,1.926,0.0,0.0,2,2,10800000,1,0,0,0,1,0,0,0,0,0,0,2.0,0,1,1,0,0,7.1726027397260275
2.5233,2.5233,4.0027,9.8849,5,1,7660000,3,0,0,0,0,0,0,0,0,0,1,6.0,1,1,0,0,0,9.421917808219177
0.3397,5.2247,3.0,6.0329,5,4,48730000,3,1,0,0,0,0,0,0,0,0,0,3.0,1,1,1,0,0,8.419178082191781
0.0,1.4137,1.4137,1.4137,1,2,3350000,1,0,0,0,0,0,0,0,0,0,1,2.5,0,1,1,0,0,4.416438356164384
3.8767,7.1973,2.6658,7.1973,3,4,28000000,2,0,0,0,0,0,0,1,0,0,0,3.0,0,1,1,0,0,9.756164383561643
1.4959,1.4959,2.0849,2.0849,5,1,2500000,1,0,0,0,0,0,0,0,0,0,1,2.0,1,1,0,0,0,3.4164383561643836
0.3315,1.1644,2.0795,9.3507,16,2,8000000,4,0,1,0,0,0,0,0,0,0,0,4.0,1,1,0,0,0,9.336986301369864
0.5836,1.6521,0.6329,4.263,6,2,540000,2,0,1,0,0,0,0,0,0,0,0,2.5,1,0,1,1,0,5.671232876712328
0.0,1.2466,1.0,5.4384,4,2,3100000,4,0,0,0,0,0,1,0,0,0,0,2.0,1,1,1,0,0,7.419178082191781
1.0904,2.326,2.8301,4.6904,8,2,1200000,2,0,0,1,0,0,0,0,0,0,0,6.0,1,1,1,0,0,4.161643835616438
0.0,0.0,0.1096,0.1096,2,1,5000000,1,0,0,0,0,0,1,0,0,0,0,2.0,0,1,0,0,0,6.005479452054795
0.6658,7.3753,2.3726,2.3726,6,6,37079000,1,0,0,0,0,0,0,0,0,0,1,3.8,1,1,1,0,0,8.791780821917808
0.2082,1.0849,0.1616,2.6521,3,4,4200000,3,1,0,0,0,0,0,0,0,0,0,3.0,1,1,1,0,0,2.4164383561643836
0.7726,0.7726,0.3123,1.1479,3,1,2000000,2,0,1,0,0,0,0,0,0,0,0,1.0,0,0,0,0,1,2.4164383561643836
5.0027,5.0027,5.4986,5.4986,3,1,6500000,1,1,0,0,0,0,0,0,0,0,0,1.0,1,0,1,1,0,12.421917808219177
1.4521,1.4521,3.055353047989626,4.754422568093388,0,1,4000000,0,0,1,0,0,0,0,0,0,0,0,3.0,0,1,0,0,0,8.005479452054795
0.2466,1.0,1.1616,1.1616,3,5,185000,1,0,0,1,0,0,0,0,0,0,0,2.0,0,0,1,1,0,3.4164383561643836
2.6959,2.6959,3.2192,4.0027,5,1,1300000,2,0,0,1,0,0,0,0,0,0,0,1.0,1,1,0,0,0,4.16986301369863
3.7945,3.7945,3.055353047989626,4.754422568093388,21,1,45000000,0,0,0,0,0,1,0,0,0,0,0,1.0,1,1,0,0,0,10.421917808219177
0.5808,2.737,1.9151,4.6603,11,2,9200000,2,0,1,0,0,0,0,0,0,0,0,1.0,1,1,0,0,0,8.334246575342465
6.263,6.263,1.0,1.0,2,1,10000000,1,1,0,0,0,0,0,0,0,0,0,1.0,1,0,1,1,0,12.421917808219177
0.8329,0.8329,0.6658,0.6658,3,1,12000,1,0,0,0,0,0,1,0,0,0,0,1.0,0,0,1,1,0,3.4164383561643836
4.0301,4.0849,3.055353047989626,4.754422568093388,3,2,2257464,0,0,0,0,0,0,0,0,1,0,0,1.0,0,0,1,1,0,7.419178082191781
0.1671,0.5288,0.1671,2.4438,4,2,983000,2,0,0,0,0,0,0,0,0,0,1,6.0,1,0,1,1,0,2.0876712328767124
1.4466,2.5068,2.5014,3.6411,15,2,41000000,2,0,0,0,0,0,0,0,0,0,1,1.5,1,1,0,0,0,5.504109589041096
3.6685,5.5589,3.055353047989626,4.754422568093388,0,3,9100000,0,1,0,0,0,0,0,0,0,0,0,1.0,0,1,1,0,0,10.421917808219177
0.2959,0.2959,1.5863,1.6658,3,1,400000,2,0,1,0,0,0,0,0,0,0,0,1.0,1,0,1,1,0,3.4164383561643836
4.737,8.3479,3.055353047989626,4.754422568093388,4,10,22165091,0,0,0,0,0,0,0,0,0,0,1,2.0,1,1,1,0,0,11.421917808219177
0.1671,0.1671,0.6712,3.3151,4,1,500000,2,0,0,0,0,0,0,0,0,0,1,4.0,1,1,0,0,0,6.005479452054795
1.2603,3.1781,2.8411,2.8411,6,2,4700000,1,0,0,0,0,0,0,0,0,0,1,1.0,1,1,1,0,0,6.257534246575342
2.0055,2.0055,0.0,0.0,1,1,30000000,1,0,0,0,0,0,0,1,0,0,0,2.0,1,0,1,1,0,7.419178082191781
2.0658,9.3836,7.0055,7.0055,13,5,39000000,1,1,0,0,0,0,0,0,0,0,0,3.25,1,1,0,0,0,10.421917808219177
6.4356,9.0,10.0082,10.0082,10,3,32000000,1,0,0,0,0,0,0,0,0,0,1,3.0,1,1,0,0,0,13.424657534246576
0.1151,1.1507,3.055353047989626,4.754422568093388,7,3,42000000,0,0,0,0,0,1,0,0,0,0,0,2.6667,1,1,0,0,0,13.419178082191781
4.3726,9.3616,4.0027,9.3616,5,3,24510540,2,0,0,0,1,0,0,0,0,0,0,2.6667,1,1,1,0,0,12.421917808219177
5.6548,5.6548,3.055353047989626,4.754422568093388,0,1,2500000,0,1,0,0,0,0,0,0,0,0,0,2.0,0,0,1,1,0,13.424657534246576
3.6027,7.926,8.5945,9.1096,1,3,21460663,2,1,0,0,0,0,0,0,0,0,0,4.5,1,1,0,0,0,11.421917808219177
5.3507,5.3507,3.055353047989626,4.754422568093388,6,1,15000000,0,0,0,0,0,0,1,0,0,0,0,4.0,1,1,0,0,0,12.421917808219177
1.4137,4.2795,1.3288,5.1836,5,2,889999,2,0,0,1,0,0,0,0,0,0,0,3.5,0,0,1,1,0,7.419178082191781
4.2219,4.2219,3.0,3.0,6,1,16000000,1,1,0,0,0,0,0,0,0,0,0,3.0,1,1,0,0,0,12.421917808219177
2.4192,2.4192,2.5041,8.3973,5,1,7000000,4,0,1,0,0,0,0,0,0,0,0,2.0,1,1,0,0,0,7.923287671232877
0.7479,0.7479,3.055353047989626,4.754422568093388,3,2,100000,0,0,0,0,0,1,0,0,0,0,0,1.0,0,0,1,1,0,3.0027397260273974
1.9041,1.9041,1.9041,4.0027,13,1,1500000,3,0,0,0,0,0,0,0,0,0,1,1.0,1,1,0,0,0,5.671232876712328
6.0356,6.0356,10.4959,12.6137,19,1,8000000,4,0,1,0,0,0,0,0,0,0,0,1.0,1,0,1,1,0,13.424657534246576
0.2521,0.7425,4.2082,6.3479,22,2,4000000,4,0,1,0,0,0,0,0,0,0,0,3.0,1,1,0,0,0,5.838356164383562
0.0164,0.0164,3.055353047989626,4.754422568093388,3,1,25000,0,0,1,0,0,0,0,0,0,0,0,1.0,0,0,1,1,0,3.9506849315068493
1.0,3.6493,3.4986,3.4986,10,2,12100000,1,0,1,0,0,0,0,0,0,0,0,1.0,0,1,0,0,0,8.419178082191781
4.2192,5.611,5.0027,5.0027,9,2,20000000,1,1,0,0,0,0,0,0,0,0,0,4.5,1,1,0,0,0,12.421917808219177
2.0301,9.3808,9.0055,9.0055,10,4,49600000,1,0,0,0,0,0,0,0,0,0,1,2.6667,0,1,0,0,0,10.421917808219177
7.5123,9.9479,0.4164,0.4164,3,5,51450000,1,0,0,0,0,0,1,0,0,0,0,5.6667,1,1,1,0,0,13.424657534246576
2.0,2.0,1.0274,3.1644,8,1,200000,3,0,0,1,0,0,0,0,0,0,0,2.0,0,0,1,1,0,3.4164383561643836
0.0,0.0,0.0,0.0,2,1,20000,1,0,0,0,0,0,0,0,0,0,1,1.0,0,0,1,1,0,1.7506849315068493
0.0,3.3945,6.9781,9.2192,13,2,11600000,3,0,0,0,0,0,0,0,0,0,1,2.0,1,1,0,0,0,10.421917808219177
0.2849,0.2849,0.0,0.2849,2,1,1200000,2,0,0,0,0,1,0,0,0,0,0,4.0,0,1,0,0,0,3.9205479452054797
1.8301,1.8301,1.1616,1.1616,4,1,1700000,2,0,0,0,0,0,0,0,0,0,1,7.0,0,0,0,0,1,3.3315068493150686
0.5808,2.5123,0.5918,4.9699,9,3,1415000,4,0,0,0,0,0,0,0,0,0,1,1.0,1,0,1,1,0,6.419178082191781
1.0849,3.1342,5.9178,7.9342,16,2,4200000,2,0,0,0,1,0,0,0,0,0,0,1.5,1,1,0,0,0,8.419178082191781
0.9151,1.6356,4.8521,6.0904,7,2,500000,2,0,1,0,0,0,0,0,0,0,0,2.0,1,1,1,0,0,6.419178082191781
5.9507,5.9507,3.055353047989626,4.754422568093388,1,1,21500000,0,0,0,0,0,0,0,0,0,0,1,4.0,1,1,0,0,0,11.421917808219177
0.0411,1.5863,2.2795,4.3918,4,2,10000000,2,0,1,0,0,0,0,0,0,0,0,2.0,1,1,0,0,0,7.005479452054795
1.0877,2.5616,4.0027,4.0027,7,2,9500000,1,1,0,0,0,0,0,0,0,0,0,2.5,0,1,0,0,0,9.421917808219177
2.9808,5.211,3.055353047989626,4.754422568093388,4,2,13875001,0,0,0,0,0,0,0,0,0,0,1,10.0,0,0,0,0,1,6.419178082191781
10.9068,10.9068,9.2548,9.2548,5,1,275000,1,1,0,0,0,0,0,0,0,0,0,2.0,0,0,1,1,0,13.424657534246576
0.0849,5.0356,1.8329,1.8329,10,3,19743770,1,1,0,0,0,0,0,0,0,0,0,2.5,1,1,0,0,0,8.419178082191781
2.0849,4.0192,2.5041,2.5041,5,5,1178000,1,1,0,0,0,0,0,0,0,0,0,5.0,1,0,1,1,0,4.920547945205479
0.7479,2.7945,2.0575,3.8356,5,3,25000000,2,0,0,0,0,0,0,0,0,0,1,2.0,1,1,0,0,0,8.419178082191781
1.5863,3.1808,3.055353047989626,4.754422568093388,1,3,24150000,0,0,0,0,0,0,0,0,0,0,1,2.0,1,1,1,0,0,9.421917808219177
1.4164,3.326,4.4192,9.8164,11,2,36000000,3,0,0,0,0,0,0,0,0,0,1,3.5,1,1,0,0,0,9.421917808219177
1.3973,1.3973,3.055353047989626,4.754422568093388,1,1,205000,0,0,0,0,0,0,0,0,0,0,1,1.0,0,0,1,1,0,6.704109589041096
0.7479,1.1616,2.4,8.8384,63,2,11500000,6,0,0,0,0,0,1,0,0,0,0,1.0,1,1,0,0,0,8.334246575342465
0.8904,0.8904,1.3288,2.526,15,1,4000000,2,0,0,1,0,0,0,0,0,0,0,3.0,0,1,0,0,0,3.4164383561643836
0.7151,0.7151,0.7479,2.011,2,1,500000,2,0,0,0,0,0,0,1,0,0,0,1.0,0,0,1,1,0,3.835616438356164
0.7425,0.7425,1.1671,3.9151,9,1,4000000,2,0,0,0,0,0,0,0,0,0,1,2.0,0,1,0,0,0,7.005479452054795
0.0,2.4274,2.4274,2.4986,8,2,9030000,2,0,1,0,0,0,0,0,0,0,0,4.0,0,1,1,0,0,3.4164383561643836
0.6658,0.6658,0.4192,0.4192,2,1,20000,1,0,0,0,0,0,0,0,0,0,1,1.0,0,0,1,1,0,1.7506849315068493
3.1014,6.7342,4.0027,6.7342,3,3,14700000,2,0,0,0,0,0,0,0,0,0,1,1.0,1,1,1,0,0,9.421917808219177
1.337,1.4219,0.5863,0.5863,5,2,1015000,1,0,0,0,1,0,0,0,0,0,0,1.0,1,1,1,0,0,2.0027397260273974
0.4438,0.4438,0.8192,0.8192,2,1,1200000,1,0,1,0,0,0,0,0,0,0,0,2.0,0,0,1,1,0,4.16986301369863
1.8301,3.3288,3.274,7.6274,16,2,17100000,4,0,1,0,0,0,0,0,0,0,0,2.5,1,1,0,0,0,8.172602739726027
4.6767,4.6767,5.9671,5.9671,0,1,50000000,1,0,1,0,0,0,0,0,0,0,0,4.0,1,0,1,1,0,9.421917808219177
0.6548,0.6548,3.055353047989626,4.754422568093388,3,1,900000,0,1,0,0,0,0,0,0,0,0,0,1.0,0,1,0,0,0,7.419178082191781
16.9863,16.9863,16.663,18.3233,7,1,6000000,2,0,0,0,0,0,0,0,0,0,1,1.0,0,1,0,0,0,23.15890410958904
0.7479,7.0904,8.0055,9.874,5,2,15100000,3,0,0,0,0,1,0,0,0,0,0,1.0,1,1,1,0,0,11.421917808219177
1.8575,4.6027,3.9178,6.4301,15,4,14800000,3,0,0,1,0,0,0,0,0,0,0,2.25,1,1,1,0,0,7.005479452054795
0.0411,3.1425,1.8466,4.4877,30,2,6875000,5,0,1,0,0,0,0,0,0,0,0,7.0,1,1,1,0,0,5.16986301369863
0.8712,0.8712,3.055353047989626,4.754422568093388,1,1,30000,0,1,0,0,0,0,0,0,0,0,0,1.0,0,0,1,1,0,5.476712328767123
6.263,6.263,6.0055,6.0055,10,1,22200000,1,0,0,0,0,0,0,0,0,0,1,9.0,0,0,0,0,1,13.424657534246576
0.2055,0.4329,0.4685,2.9507,6,2,415000,2,0,0,0,0,0,0,0,0,0,1,1.0,1,0,1,1,0,6.043835616438356
3.0877,3.0877,5.0027,5.0027,6,1,3100000,1,0,0,0,0,1,0,0,0,0,0,5.0,1,1,0,0,0,10.421917808219177
2.1616,3.2877,3.4986,7.6904,13,2,33000000,4,0,0,0,0,0,0,0,0,0,1,2.5,0,1,0,0,0,8.419178082191781
2.7753,5.0027,4.1644,10.7534,2,3,17400000,2,0,1,0,0,0,0,0,0,0,0,5.0,1,1,1,0,0,10.421917808219177
0.0,3.3863,5.3973,8.7123,17,5,28300000,4,0,1,0,0,0,0,0,0,0,0,2.0,1,1,1,0,0,8.419178082191781
1.3288,2.0301,2.0,2.0301,5,3,1525000,2,0,0,0,0,0,0,1,0,0,0,2.6667,1,0,1,1,0,4.416438356164384
0.3397,0.3397,0.5452,1.7151,9,1,1200000,3,0,0,0,0,0,0,0,0,0,1,5.0,1,0,1,1,0,1.5452054794520549
0.1781,4.0301,3.674,7.2438,6,3,12400000,4,0,1,0,0,0,0,0,0,0,0,1.6667,1,1,1,0,0,8.09041095890411
4.5863,4.5863,3.055353047989626,4.754422568093388,1,1,100000,0,0,0,0,0,0,0,0,1,0,0,1.0,0,0,1,1,0,7.419178082191781
2.2219,7.3288,7.0055,7.0055,4,3,11000000,1,1,0,0,0,0,0,0,0,0,0,1.6667,1,1,1,0,0,10.421917808219177
1.3397,2.2795,1.0,1.0,3,2,675000,1,0,1,0,0,0,0,0,0,0,0,1.5,1,0,1,1,0,3.4164383561643836
0.0,2.3863,3.055353047989626,4.754422568093388,5,2,13000000,0,1,0,0,0,0,0,0,0,0,0,2.5,1,1,0,0,0,8.419178082191781
0.7479,0.7479,1.0329,2.4986,5,1,3500000,2,0,0,0,0,0,0,0,0,0,1,2.0,1,0,0,0,1,3.3315068493150686
4.9342,4.9342,0.0,0.0,2,1,12000000,1,0,0,0,0,0,0,0,0,0,1,4.0,0,1,0,0,0,12.421917808219177
0.4521,6.0822,3.7425,3.7425,2,3,15286415,1,0,0,0,0,0,0,0,0,0,1,1.0,1,1,0,0,0,6.419178082191781
0.7123,0.7123,1.5836,3.0027,5,1,3200000,3,0,1,0,0,0,0,0,0,0,0,1.0,1,1,0,0,0,5.419178082191781
0.0164,0.0164,0.0,0.0,1,1,30000,1,0,0,0,0,1,0,0,0,0,0,2.0,0,0,1,1,0,2.254794520547945
0.0,10.8192,9.5863,9.5863,28,3,14650003,1,1,0,0,0,0,0,0,0,0,0,1.0,1,1,1,0,0,11.421917808219177
3.1589,5.6712,9.0055,9.0055,9,2,23500000,1,1,0,0,0,0,0,0,0,0,0,5.0,1,1,1,0,0,10.421917808219177
5.0082,5.0082,3.055353047989626,4.754422568093388,2,1,980000,0,1,0,0,0,0,0,0,0,0,0,1.0,0,0,0,0,1,12.421917808219177
3.1562,3.1562,3.055353047989626,4.754422568093388,0,1,20000000,0,0,0,0,0,0,0,0,0,0,1,3.0,0,1,0,0,0,9.421917808219177
4.1753,5.537,6.3836,6.3836,0,2,8000000,1,0,0,0,0,0,1,0,0,0,0,1.5,1,1,0,0,0,9.421917808219177
0.326,4.6932,3.2548,4.6932,13,4,25200000,3,1,0,0,0,0,0,0,0,0,0,4.0,1,1,0,0,0,7.671232876712328
1.337,4.3041,2.0822,5.8356,12,4,46300000,4,0,0,0,0,0,1,0,0,0,0,4.25,1,1,1,0,0,7.090410958904109
4.0274,8.2712,5.811,11.0986,15,4,24500000,5,1,0,0,0,0,0,0,0,0,0,4.3333,1,1,0,0,0,11.421917808219177
3.2493,3.2493,3.8356,7.8959,19,1,14500000,3,0,0,0,1,0,0,0,0,0,0,9.0,1,1,0,0,0,10.421917808219177
2.6493,2.6493,1.0,1.0,1,1,29000000,1,0,0,0,0,0,1,0,0,0,0,5.0,0,0,1,1,0,6.419178082191781
0.0,3.3808,5.6795,5.6795,5,3,24000000,1,0,0,0,0,0,0,0,0,0,1,2.6667,1,1,0,0,0,8.419178082191781
1.8493,2.1726,2.1699,5.0822,4,2,1000000,3,0,0,0,0,0,0,0,0,0,1,4.5,1,0,1,1,0,5.671232876712328
1.1014,1.8712,2.6466,2.6959,14,2,12010000,2,1,0,0,0,0,0,0,0,0,0,2.5,1,1,1,0,0,3.4164383561643836
8.4493,8.4493,3.055353047989626,4.754422568093388,1,1,42700000,0,0,0,0,0,0,0,0,1,0,0,3.0,0,1,0,0,0,14.424657534246576
1.7644,1.7644,0.0,3.0849,5,1,3750000,2,0,0,0,0,0,0,0,0,0,1,1.0,1,1,0,0,0,4.668493150684932
0.0,0.6411,1.5836,3.0685,11,2,41000000,2,0,0,0,0,0,0,0,0,0,1,1.5,0,1,0,0,0,2.835616438356164
0.0,2.7507,3.3315,5.2438,9,2,20000000,2,0,0,0,1,0,0,0,0,0,0,1.0,1,1,0,0,0,7.419178082191781
1.2877,3.8521,1.3945,4.2356,11,2,9356180,4,0,0,0,0,0,0,0,0,0,1,1.5,1,1,0,0,0,4.090410958904109
2.0767,4.6603,4.5836,4.726,9,2,13600000,2,1,0,0,0,0,0,0,0,0,0,3.0,1,1,0,0,0,6.419178082191781
1.1671,1.1671,1.926,4.0137,19,1,3000000,4,0,0,0,0,1,0,0,0,0,0,2.0,1,1,0,0,0,6.671232876712328
1.874,6.4767,3.055353047989626,4.754422568093388,4,5,21138876,0,0,0,0,0,1,0,0,0,0,0,2.0,0,1,1,0,0,8.419178082191781
0.1945,0.7836,1.211,2.3836,13,4,2345000,3,0,0,0,1,0,0,0,0,0,0,5.75,1,1,1,0,0,4.1726027397260275
0.7945,0.7945,2.0466,3.326,7,1,4000000,4,0,1,0,0,0,0,0,0,0,0,1.0,0,1,0,0,0,8.38082191780822
3.811,5.1781,1.7507,3.589,2,2,17000000,2,1,0,0,0,0,0,0,0,0,0,3.0,0,1,1,0,0,10.421917808219177
1.8,1.8,1.9151,1.9151,8,1,1100000,1,0,1,0,0,0,0,0,0,0,0,8.0,1,0,1,1,0,4.416438356164384
1.8822,1.8822,1.0,1.0,2,1,10000000,1,1,0,0,0,0,0,0,0,0,0,2.0,0,1,0,0,0,7.419178082191781
0.6767,1.4493,0.0,0.0,2,2,21189,1,0,0,1,0,0,0,0,0,0,0,1.0,0,0,1,1,0,2.4164383561643836
2.4521,5.1562,7.6712,8.2219,7,3,28000000,2,1,0,0,0,0,0,0,0,0,0,2.6667,1,1,0,0,0,9.421917808219177
3.3315,3.3315,3.055353047989626,4.754422568093388,0,1,9500000,0,1,0,0,0,0,0,0,0,0,0,2.0,0,0,1,1,0,11.421917808219177
2.6822,6.4164,2.8411,7.2356,11,3,23500000,2,0,0,1,0,0,0,0,0,0,0,3.6667,1,1,1,0,0,10.26027397260274
4.4712,4.4712,6.7534,6.7534,6,1,13000000,1,1,0,0,0,0,0,0,0,0,0,4.0,1,1,0,0,0,11.421917808219177
1.5616,3.1562,3.0,3.4959,8,2,21750000,2,0,0,0,0,0,1,0,0,0,0,2.0,1,1,1,0,0,8.419178082191781
5.1644,5.1644,3.055353047989626,4.754422568093388,0,1,5750000,0,0,0,0,0,0,0,0,0,0,1,4.0,0,1,0,0,0,13.424657534246576
0.7342,1.1753,0.1616,0.1616,1,2,23400000,1,1,0,0,0,0,0,0,0,0,0,2.5,1,1,0,0,0,8.419178082191781
1.0685,1.0685,0.8384,3.9918,4,1,4300000,3,0,0,0,0,1,0,0,0,0,0,2.0,0,1,0,0,0,6.257534246575342
4.2356,9.3616,5.0055,5.0055,16,2,51000000,1,0,0,0,0,0,0,0,1,0,0,3.5,1,1,0,0,0,9.421917808219177
3.6877,10.137,3.0027,3.0027,2,4,27101994,1,0,0,0,1,0,0,0,0,0,0,4.6667,1,1,1,0,0,13.424657534246576
5.1507,5.1507,4.0027,4.0027,6,1,6480000,1,0,0,0,0,0,0,0,0,0,1,3.0,1,1,0,0,0,12.421917808219177
0.4192,2.2329,2.2329,4.337,8,2,35000000,2,0,0,0,1,0,0,0,0,0,0,2.5,1,1,0,0,0,6.090410958904109
0.2986,0.2986,0.2986,0.2986,1,1,19000,1,0,0,0,0,0,0,1,0,0,0,1.0,0,0,1,1,0,1.4164383561643836
0.1534,0.1534,3.055353047989626,4.754422568093388,4,1,600000,0,0,1,0,0,0,0,0,0,0,0,2.0,0,0,1,1,0,1.5452054794520549
5.4932,6.5836,6.7534,6.7534,3,2,13000000,1,0,0,0,0,0,0,0,0,0,1,1.5,1,1,0,0,0,13.424657534246576
0.0,2.8356,2.9205,4.3096,7,5,43600000,3,0,0,0,0,0,0,0,0,0,1,3.0,0,1,0,0,0,7.923287671232877
2.1836,3.3068,2.726,3.5425,6,2,2000000,2,0,1,0,0,0,0,0,0,0,0,1.5,1,1,1,0,0,5.142465753424657
2.0,4.0466,6.0027,6.0027,4,3,26800000,1,1,0,0,0,0,0,0,0,0,0,3.0,1,1,0,0,0,12.421917808219177
1.2904,6.389,0.0,0.0,2,6,55900000,1,0,0,0,0,0,0,0,0,0,1,3.2,0,1,1,0,0,7.419178082191781
1.6027,2.8137,3.4301,7.411,14,2,11000000,3,0,0,1,0,0,0,0,0,0,0,2.0,1,1,0,0,0,8.273972602739725
0.4137,2.474,3.0,3.0,19,3,31500000,1,0,0,0,1,0,0,0,0,0,0,3.3333,1,1,0,0,0,4.416438356164384
0.4959,4.9671,1.0,4.5123,10,4,29050000,2,1,0,0,0,0,0,0,0,0,0,2.6667,1,1,1,0,0,6.419178082191781
0.7589,2.4521,2.1644,2.9014,3,2,250000,2,0,0,0,0,0,0,0,0,0,1,1.5,1,0,1,1,0,2.4164383561643836
3.6493,3.6493,3.055353047989626,4.754422568093388,2,1,21000000,0,1,0,0,0,0,0,0,0,0,0,4.0,0,1,0,0,0,10.421917808219177
4.1671,7.4356,3.055353047989626,4.754422568093388,25,2,35000000,0,0,0,0,0,1,0,0,0,0,0,3.5,1,1,1,0,0,13.424657534246576
5.611,6.474,4.0027,4.0027,3,2,30920000,1,0,0,0,0,0,0,0,0,0,1,3.5,1,0,1,1,0,13.424657534246576
2.0,8.0356,6.5863,6.5863,9,4,29288979,1,1,0,0,0,0,0,0,0,0,0,2.6667,1,1,1,0,0,11.421917808219177
8.0986,12.3671,11.8411,12.0548,11,4,24200000,2,1,0,0,0,0,0,0,0,0,0,2.3333,0,1,1,0,0,14.424657534246576
1.0,1.0,1.2521,5.2548,4,1,1000000,3,0,1,0,0,0,0,0,0,0,0,1.0,1,1,0,0,0,6.671232876712328
1.0,3.0575,5.4192,5.4192,3,2,5550000,1,0,1,0,0,0,0,0,0,0,0,1.0,1,1,1,0,0,10.421917808219177
0.6767,1.9178,4.9781,6.6548,13,2,14300000,3,0,1,0,0,0,0,0,0,0,0,4.5,1,1,0,0,0,7.671232876712328
4.2192,4.2192,3.055353047989626,4.754422568093388,0,1,1000000,0,0,0,0,0,0,0,0,0,0,1,2.0,0,0,1,1,0,11.421917808219177
2.5644,3.389,8.1452,8.1452,7,2,11000000,1,1,0,0,0,0,0,0,0,0,0,1.5,1,1,1,0,0,10.421917808219177
2.0027,3.0027,2.0877,4.0685,7,2,2000000,3,0,0,0,0,0,0,0,0,0,1,3.0,0,0,1,1,0,6.419178082191781
0.8301,2.7178,4.2466,4.7918,17,2,5000000,2,0,1,0,0,0,0,0,0,0,0,1.0,1,0,1,1,0,6.3342465753424655
2.0027,2.0027,3.6603,4.0795,12,1,11000000,2,0,0,0,1,0,0,0,0,0,0,3.0,1,1,0,0,0,5.419178082191781
0.4192,3.4192,3.6027,4.8521,19,4,14100000,4,0,0,0,1,0,0,0,0,0,0,2.25,1,1,1,0,0,4.920547945205479
0.4932,0.4932,2.2411,2.2411,8,1,5000000,1,0,0,0,0,0,0,0,0,0,1,1.0,0,1,0,0,0,7.8273972602739725
7.3945,7.3945,4.0027,4.0027,4,1,10000000,1,0,0,0,0,0,0,0,1,0,0,1.0,1,1,0,0,0,13.424657534246576
0.8329,4.0712,2.0,2.0,3,3,11035000,1,1,0,0,0,0,0,0,0,0,0,1.6667,0,1,1,0,0,8.419178082191781
5.6438,5.6438,8.0055,11.3288,9,1,12700000,2,0,0,0,0,0,0,0,0,0,1,4.0,1,1,0,0,0,13.424657534246576
2.9507,3.5562,0.0,0.0,3,2,20757182,1,0,0,0,0,0,0,0,1,0,0,1.0,1,1,0,0,0,5.419178082191781
5.4658,7.2822,10.5918,10.5918,5,3,27000000,1,1,0,0,0,0,0,0,0,0,0,6.0,1,1,0,0,0,13.008219178082191
3.7534,3.7534,5.5425,6.7562,7,1,10000000,3,0,0,0,0,1,0,0,0,0,0,1.0,1,1,0,0,0,9.172602739726027
4.2219,4.2219,3.055353047989626,4.754422568093388,4,1,26000000,0,0,0,0,0,0,0,0,0,0,1,4.0,0,1,0,0,0,12.421917808219177
2.1616,4.9562,3.055353047989626,4.754422568093388,2,2,4000000,0,0,0,0,0,0,0,0,0,0,1,2.0,0,1,0,0,0,8.419178082191781
4.3534,4.3534,6.1699,9.0904,7,1,10000000,3,0,0,0,0,0,1,0,0,0,0,4.0,1,1,0,0,0,12.26027397260274
1.5123,3.6082,1.3178,4.1589,8,2,7350000,3,0,0,0,0,0,1,0,0,0,0,4.5,0,1,0,0,0,8.156164383561643
0.7671,0.7671,0.0,0.0,1,1,50000,1,0,0,0,0,0,0,0,0,0,1,1.0,0,0,1,1,0,3.9205479452054797
1.8822,1.8822,1.6603,3.0247,5,1,1000000,3,0,0,0,0,0,0,0,0,0,1,7.0,0,1,0,0,0,4.416438356164384
2.7945,6.0356,7.5014,8.0055,16,4,45000000,2,0,0,0,0,0,0,0,0,0,1,2.0,0,1,0,0,0,10.421917808219177
1.3096,1.3096,1.0027,1.3096,3,1,500000,2,0,0,0,0,0,0,1,0,0,0,1.0,0,1,0,0,0,5.419178082191781
0.0849,1.3342,3.055353047989626,4.754422568093388,6,2,500000,0,1,0,0,0,0,0,0,0,0,0,1.0,0,0,0,0,1,4.835616438356165
1.0877,3.6438,3.4986,3.4986,2,3,44000000,1,0,0,0,0,0,0,0,0,0,1,4.0,1,1,0,0,0,9.421917808219177
10.3644,10.3644,5.8384,5.8384,4,1,21000000,1,0,0,0,0,0,0,0,0,0,1,5.0,0,0,1,1,0,14.424657534246576
0.7041,1.1315,1.4493,2.2055,12,2,19000000,2,0,0,0,0,0,1,0,0,0,0,3.5,1,1,0,0,0,4.416438356164384
1.4247,4.5397,3.055353047989626,4.754422568093388,0,3,18700000,0,0,0,0,0,0,0,0,0,0,1,2.0,0,1,1,0,0,7.419178082191781
1.0932,1.0932,1.6137,2.1671,6,1,10000000,2,1,0,0,0,0,0,0,0,0,0,7.0,1,1,0,0,0,3.750684931506849
0.4192,0.4192,3.055353047989626,4.754422568093388,5,3,5900000,0,1,0,0,0,0,0,0,0,0,0,1.0,0,0,1,1,0,6.838356164383562
3.4301,4.2548,6.0055,6.4219,13,2,28000000,2,0,0,0,0,0,0,0,0,0,1,2.0,1,1,0,0,0,9.421917808219177
0.0,4.3945,3.1534,4.3945,5,7,24300000,2,1,0,0,0,0,0,0,0,0,0,2.0,0,1,1,0,0,6.419178082191781
0.4137,5.337,5.5205,7.189,21,4,32006000,3,0,0,1,0,0,0,0,0,0,0,1.6667,1,1,1,0,0,8.419178082191781
3.0877,3.0877,1.0,1.0,4,1,13400000,1,0,0,0,0,0,0,0,0,0,1,2.0,1,1,0,0,0,11.421917808219177
3.8493,4.8329,4.9644,7.2575,18,3,9400000,3,0,0,0,1,0,0,0,0,0,0,1.5,1,1,1,0,0,8.005479452054795
1.0849,7.937,3.0,7.4301,10,6,15324624,3,0,0,0,1,0,0,0,0,0,0,2.5,1,1,1,0,0,8.419178082191781
1.3342,1.3342,2.3726,4.1562,3,1,2000000,2,0,1,0,0,0,0,0,0,0,0,11.0,1,0,0,0,1,4.254794520547946
0.4192,3.674,0.8932,5.2767,24,3,16000000,4,0,1,0,0,0,0,0,0,0,0,5.6667,1,1,0,0,0,6.005479452054795
3.9205,6.7342,3.055353047989626,4.754422568093388,3,3,44000000,0,0,0,0,0,0,0,0,0,0,1,2.3333,0,1,1,0,0,7.419178082191781
1.811,2.4548,0.7479,0.7479,2,2,1175000,1,1,0,0,0,0,0,0,0,0,0,1.0,0,0,1,1,0,3.4164383561643836
6.8329,10.2712,13.011,13.011,22,2,9000000,1,0,0,0,0,0,0,0,0,0,1,4.0,1,0,0,0,1,13.424657534246576
0.3288,5.3726,9.0055,9.0055,9,3,35150000,1,0,1,0,0,0,0,0,0,0,0,3.0,1,1,0,0,0,11.421917808219177
1.3288,5.6712,2.4959,5.6712,4,3,12000000,2,1,0,0,0,0,0,0,0,0,0,2.6667,1,1,1,0,0,8.419178082191781
5.663,5.663,5.0027,5.0027,4,1,30000000,1,0,0,0,0,0,0,0,1,0,0,9.0,1,1,0,0,0,11.421917808219177
6.1342,6.1342,7.1726,7.1726,5,1,8000000,1,0,0,0,0,0,0,0,0,0,1,2.0,1,1,0,0,0,10.421917808219177
2.0959,2.0959,2.2822,3.1699,6,1,4100000,3,0,0,0,0,1,0,0,0,0,0,2.0,1,1,0,0,0,6.419178082191781
1.9562,3.5123,3.4986,3.4986,1,2,2408500,1,0,0,0,0,0,0,0,0,0,1,3.0,0,0,1,1,0,5.419178082191781
1.0,2.0,3.2493,3.2493,2,2,18400000,1,0,0,0,1,0,0,0,0,0,0,1.0,0,0,1,1,0,7.419178082191781
7.4575,7.4575,5.5863,5.5863,7,1,29000000,1,0,0,0,0,0,0,0,1,0,0,7.0,1,0,1,1,0,10.421917808219177
5.4247,5.4247,3.055353047989626,4.754422568093388,0,1,8700000,0,0,0,0,0,0,0,0,0,0,1,2.0,0,1,0,0,0,13.424657534246576
4.6877,4.6877,4.1644,9.274,12,1,10000000,2,0,0,1,0,0,0,0,0,0,0,7.0,1,1,0,0,0,12.421917808219177
0.9178,2.6329,2.9534,3.9699,5,2,15000000,2,1,0,0,0,0,0,0,0,0,0,2.0,1,1,0,0,0,5.419178082191781
0.6685,0.6685,0.0,0.0,2,1,2600000,1,0,0,0,0,0,0,0,0,0,1,1.0,0,0,0,0,1,5.419178082191781
1.3151,1.3151,6.4658,8.8411,30,1,15000000,3,0,1,0,0,0,0,0,0,0,0,1.0,1,1,0,0,0,8.405479452054795
0.0822,1.8164,1.0849,2.3014,7,3,4000000,2,0,1,0,0,0,0,0,0,0,0,2.0,1,1,1,0,0,2.0027397260273974
0.3233,1.0986,0.8411,2.0411,5,4,12123837,3,0,0,0,0,0,0,0,0,0,1,4.6667,1,1,1,0,0,2.254794520547945
0.9178,2.4877,2.5808,5.3808,18,3,22400000,3,0,0,1,0,0,0,0,0,0,0,3.3333,1,1,1,0,0,7.504109589041096
1.2849,2.0082,2.1616,3.4438,12,2,5700000,3,0,0,0,1,0,0,0,0,0,0,4.0,1,1,0,0,0,4.416438356164384
4.5452,7.8603,3.055353047989626,4.754422568093388,2,2,28500000,0,0,0,0,0,0,0,0,1,0,0,4.5,0,1,1,0,0,11.421917808219177
0.9151,2.0712,2.0027,2.0027,9,2,21000000,1,1,0,0,0,0,0,0,0,0,0,2.5,1,1,0,0,0,6.419178082191781
21.8959,21.8959,24.6849,24.6849,1,1,8000000,1,1,0,0,0,0,0,0,0,0,0,2.0,0,0,1,1,0,29.435616438356163
0.2055,0.2055,0.1644,0.1644,1,1,1500000,1,0,0,0,0,0,1,0,0,0,0,1.0,0,1,0,0,0,5.419178082191781
0.5808,2.4603,2.5014,5.0932,17,3,28300000,4,0,0,0,0,1,0,0,0,0,0,1.6667,1,1,0,0,0,6.671232876712328
2.1452,4.9726,2.3671,2.7123,4,5,7939553,2,0,1,0,0,0,0,0,0,0,0,2.0,1,1,1,0,0,5.419178082191781
0.8329,0.8329,3.055353047989626,4.754422568093388,3,1,545000,0,0,0,0,0,0,0,0,0,0,1,2.0,0,0,1,1,0,4.416438356164384
4.7452,8.9562,5.0027,5.0027,10,3,15247925,1,0,0,0,0,0,0,0,0,0,1,1.5,1,1,0,0,0,12.421917808219177
0.2466,2.5589,2.0027,4.7781,11,3,12800000,2,0,0,0,0,0,1,0,0,0,0,1.5,1,1,1,0,0,6.419178082191781
1.063,2.4822,0.0,1.3068,1,2,950000,2,0,0,1,0,0,0,0,0,0,0,3.0,0,1,1,0,0,3.254794520547945
2.9178,4.9205,2.0027,12.5096,6,2,16000000,5,0,1,0,0,0,0,0,0,0,0,1.0,1,1,0,0,0,13.424657534246576
6.0055,6.0055,6.0055,6.0055,2,1,10000000,1,0,0,0,0,0,0,0,0,0,1,1.0,1,1,0,0,0,13.424657534246576
0.7781,0.7781,0.3397,2.4877,5,1,1500000,3,0,0,0,0,0,0,0,0,0,1,1.0,1,0,0,0,1,2.4164383561643836
5.8438,6.9452,5.9205,6.3808,6,2,13000000,2,0,0,0,0,0,0,0,0,0,1,2.0,0,1,1,0,0,9.421917808219177
2.6411,2.6411,4.0959,4.926,6,1,10000000,2,0,0,0,0,0,0,0,0,0,1,6.0,1,0,1,1,0,4.416438356164384
2.0521,2.9973,2.0027,3.8137,9,2,3915000,2,0,0,0,0,1,0,0,0,0,0,3.0,1,1,1,0,0,5.419178082191781
0.0,1.5041,1.5808,3.1726,7,2,1400000,2,0,0,0,0,0,0,0,0,0,1,6.0,1,1,1,0,0,3.835616438356164
0.0,0.6904,0.0,0.6904,6,2,650000,2,0,0,0,0,0,0,1,0,0,0,1.0,0,0,1,1,0,0.8328767123287671
0.4137,3.2438,0.4137,6.8,5,3,9700000,4,0,0,0,0,0,1,0,0,0,0,1.0,0,1,1,0,0,6.419178082191781
3.1644,3.1644,2.0027,2.0027,6,1,15000000,1,1,0,0,0,0,0,0,0,0,0,3.0,1,1,0,0,0,10.421917808219177
3.7753,10.2548,10.0301,11.0329,18,4,38764000,3,0,0,0,1,0,0,0,0,0,0,2.0,1,1,1,0,0,11.421917808219177
2.4767,2.6438,3.4164,5.2,8,2,20750000,3,0,0,0,1,0,0,0,0,0,0,2.0,1,1,0,0,0,5.419178082191781
1.2493,1.8849,2.2521,3.2219,4,2,1020000,2,0,0,0,0,0,0,0,0,0,1,2.5,1,1,1,0,0,4.002739726027397
0.4301,0.4301,2.0027,2.0027,6,1,13000000,1,1,0,0,0,0,0,0,0,0,0,4.0,0,1,0,0,0,6.419178082191781
0.1671,3.9178,0.0,2.9178,8,2,14700000,2,1,0,0,0,0,0,0,0,0,0,4.0,1,1,1,0,0,5.586301369863014
1.1616,4.1644,3.0,8.9205,19,4,33000000,4,0,0,1,0,0,0,0,0,0,0,1.3333,1,1,0,0,0,8.419178082191781
5.4767,5.4767,3.055353047989626,4.754422568093388,5,1,30000000,0,0,0,0,0,0,0,0,0,0,1,6.0,1,1,0,0,0,8.419178082191781
0.2384,3.7644,2.4192,3.8795,10,4,33000000,3,1,0,0,0,0,0,0,0,0,0,4.0,0,1,0,0,0,6.824657534246575
0.1671,0.1671,0.5863,0.5863,3,1,20000,1,0,0,0,0,1,0,0,0,0,0,1.0,0,0,1,1,0,3.254794520547945
3.7589,5.0685,3.055353047989626,4.754422568093388,2,3,30926154,0,0,0,0,0,0,0,0,0,0,1,3.0,0,1,0,0,0,5.419178082191781
0.8164,0.8164,3.055353047989626,4.754422568093388,0,1,2000000,0,0,0,0,0,1,0,0,0,0,0,1.0,0,0,0,0,1,2.7945205479452055
4.5397,9.337,2.0027,2.0027,2,2,19000000,1,1,0,0,0,0,0,0,0,0,0,3.5,0,1,1,0,0,10.421917808219177
3.0356,6.7534,4.0027,4.0027,2,3,33000000,1,0,0,0,0,1,0,0,0,0,0,4.0,0,1,0,0,0,11.421917808219177
4.3562,6.3151,4.0027,4.0027,1,3,15650000,1,0,0,0,0,0,0,0,0,0,1,1.3333,1,0,1,1,0,11.421917808219177
6.3342,7.5342,7.1726,10.9315,8,3,17400000,3,0,1,0,0,0,0,0,0,0,0,2.3333,1,1,0,0,0,12.506849315068493
4.8082,4.8082,6.6027,6.7233,4,1,35000000,2,0,1,0,0,0,0,0,0,0,0,3.0,0,1,0,0,0,9.421917808219177
0.5836,4.4301,1.2521,2.1452,5,4,7516703,3,0,0,1,0,0,0,0,0,0,0,1.0,0,0,1,1,0,5.419178082191781
2.6247,2.6247,2.874,4.3014,1,1,48000000,3,0,0,0,0,0,0,0,0,0,1,5.0,0,0,1,1,0,5.419178082191781
0.6767,0.789,0.0,0.0,2,2,125000,1,0,0,0,0,0,0,0,0,0,1,1.0,0,0,1,1,0,0.8328767123287671
2.4384,2.4384,2.3288,2.4384,10,1,17000000,2,0,0,0,1,0,0,0,0,0,0,5.0,1,0,1,1,0,4.416438356164384
10.4247,13.0877,8.9808,12.7233,4,3,4087500,3,0,0,0,1,0,0,0,0,0,0,1.0,0,0,1,1,0,14.095890410958905
10.8795,10.8795,15.4986,15.4986,3,1,1000000,1,0,0,0,0,0,0,0,0,0,1,2.0,0,1,0,0,0,18.427397260273974
0.0,0.0,3.055353047989626,4.754422568093388,2,1,990000,0,0,1,0,0,0,0,0,0,0,0,2.0,0,1,0,0,0,5.761643835616439
0.7534,0.7534,3.1699,4.6247,13,1,1000000,2,0,0,0,0,1,0,0,0,0,0,3.0,1,1,0,0,0,6.1726027397260275
0.6658,5.1315,2.7479,6.0027,15,4,41000000,2,0,0,0,0,0,0,0,0,0,1,1.75,1,1,1,0,0,7.419178082191781
0.3699,0.3699,3.055353047989626,4.754422568093388,3,1,7000000,0,0,0,0,0,0,0,0,0,0,1,1.0,0,1,0,0,0,5.419178082191781
0.8301,2.0767,1.0027,1.0027,4,2,55000000,1,0,0,0,0,0,0,0,1,0,0,2.0,1,1,0,0,0,5.419178082191781
0.0849,1.5863,2.1151,4.0,5,2,5700000,3,0,0,0,1,0,0,0,0,0,0,4.0,1,1,1,0,0,3.835616438356164
5.6384,5.6384,4.2493,4.2493,3,1,10500000,1,0,0,0,0,0,0,0,0,0,1,4.0,1,1,0,0,0,11.421917808219177
1.9699,3.9205,3.055353047989626,4.754422568093388,2,2,23000000,0,0,0,0,0,0,0,1,0,0,0,3.0,0,0,1,1,0,8.67123287671233
5.4329,9.4959,3.055353047989626,4.754422568093388,13,3,14000000,0,0,0,0,0,0,0,0,0,0,1,3.0,1,1,0,0,0,12.767123287671232
1.6466,1.6466,3.055353047989626,4.754422568093388,4,2,7500000,0,1,0,0,0,0,0,0,0,0,0,2.0,1,1,1,0,0,8.419178082191781
0.8986,0.8986,0.4137,1.6329,12,1,1420000,3,0,0,0,0,0,0,0,0,0,1,16.0,1,1,0,0,0,4.416438356164384
0.7644,0.7644,3.055353047989626,4.754422568093388,3,1,500000,0,0,0,0,0,0,1,0,0,0,0,1.0,0,0,1,1,0,4.416438356164384
0.0356,0.726,0.474,0.9205,4,2,70000,2,0,0,0,0,0,0,0,0,0,1,1.0,1,0,1,1,0,1.3917808219178083
0.5808,1.6548,3.055353047989626,4.754422568093388,3,2,850000,0,0,0,0,0,0,0,1,0,0,0,1.0,0,1,1,0,0,6.671232876712328
3.8767,3.8767,3.0027,5.8329,9,1,15000000,2,0,0,0,1,0,0,0,0,0,0,1.0,1,0,1,1,0,5.419178082191781
0.5205,1.0959,0.2521,2.0575,12,2,3150000,2,0,1,0,0,0,0,0,0,0,0,11.5,1,1,1,0,0,5.838356164383562
1.2164,1.2164,1.4164,2.6822,6,1,5500000,2,0,0,0,0,0,0,1,0,0,0,8.0,0,1,0,0,0,2.4164383561643836
4.8877,4.8877,3.2877,3.2877,8,1,10571182,1,0,0,0,0,0,0,0,0,0,1,1.0,1,1,0,0,0,4.416438356164384
0.5808,0.5808,3.055353047989626,4.754422568093388,13,1,500000,0,0,0,0,0,0,0,0,0,0,1,1.0,0,0,1,1,0,3.4164383561643836
0.9233,4.7425,0.6712,7.7671,12,7,24900000,3,0,0,0,0,0,0,0,0,0,1,3.0,1,1,1,0,0,8.005479452054795
1.7616,2.326,0.8767,3.0274,12,2,3529175,3,0,1,0,0,0,0,0,0,0,0,1.0,0,1,1,0,0,5.7534246575342465
0.0,4.6164,3.2904,5.2685,15,4,23400000,3,0,0,0,0,0,0,0,0,0,1,2.25,1,1,0,0,0,5.254794520547946
7.4027,7.4027,7.4,11.874,15,1,8800000,3,0,0,0,0,0,0,0,0,0,1,5.0,1,1,0,0,0,11.421917808219177
0.0,0.0,0.3288,0.3288,2,1,1500000,1,0,0,0,0,0,0,0,0,0,1,6.0,0,0,0,0,1,3.3315068493150686
1.4164,2.0,7.0055,11.4219,3,3,8800000,2,0,0,0,0,0,0,0,0,0,1,1.0,1,1,0,0,0,13.424657534246576
2.5808,4.6082,0.5808,10.2219,3,2,7100000,3,0,1,0,0,0,0,0,0,0,0,1.5,1,1,1,0,0,12.421917808219177
1.3315,2.9973,2.1616,5.9616,8,3,3500000,6,0,0,0,0,0,0,1,0,0,0,1.6667,1,1,1,0,0,7.0849315068493155
1.589,1.589,1.1863,2.5452,6,1,3000000,2,1,0,0,0,0,0,0,0,0,0,2.0,1,1,0,0,0,3.5178082191780824
0.1288,0.274,0.3068,0.3068,5,2,11000,1,0,1,0,0,0,0,0,0,0,0,1.0,0,0,1,1,0,2.254794520547945
6.5452,8.6,5.0027,5.0027,4,3,26200000,1,0,0,0,0,0,0,0,0,0,1,2.5,1,1,1,0,0,12.421917808219177
1.326,2.7096,4.3699,6.463,6,2,29000000,3,1,0,0,0,0,0,0,0,0,0,2.5,1,1,0,0,0,8.490410958904109
4.8438,4.8438,3.055353047989626,4.754422568093388,2,1,10000000,0,1,0,0,0,0,0,0,0,0,0,2.0,0,1,0,0,0,9.421917808219177
0.8521,0.8521,0.0,2.9425,3,1,500000,3,0,1,0,0,0,0,0,0,0,0,3.0,0,0,1,1,0,2.66027397260274
0.0849,1.8384,1.4164,2.337,3,3,11500000,3,0,0,0,1,0,0,0,0,0,0,1.5,1,1,1,0,0,5.419178082191781
1.1699,3.8932,2.3014,3.4301,8,5,5350000,3,0,0,0,1,0,0,0,0,0,0,3.0,1,1,1,0,0,3.884931506849315
0.6658,3.989,5.0849,7.3699,27,3,11015719,4,0,0,1,0,0,0,0,0,0,0,2.0,0,1,1,0,0,7.3342465753424655
0.5288,1.0466,1.2959,3.3781,30,3,9807367,3,0,0,0,0,1,0,0,0,0,0,8.6667,1,1,1,0,0,4.087671232876712
5.4658,8.9534,8.8384,8.9534,4,3,19000000,2,0,0,0,1,0,0,0,0,0,0,5.3333,1,1,1,0,0,11.421917808219177
0.0,2.7644,1.1616,1.1616,4,3,475000,1,0,0,0,0,0,0,0,0,0,1,4.0,1,0,1,1,0,3.3315068493150686
5.7671,7.863,9.2575,9.2575,16,2,36000000,1,0,0,0,0,0,1,0,0,0,0,1.0,1,1,1,0,0,10.421917808219177
3.1671,3.1671,3.055353047989626,4.754422568093388,4,1,12000000,0,0,0,0,0,0,1,0,0,0,0,5.0,1,1,0,0,0,11.421917808219177
0.0795,0.0795,0.5014,1.3781,8,1,1750000,2,0,0,0,0,0,0,0,0,0,1,5.0,1,0,0,0,1,1.0
7.9178,10.9041,3.055353047989626,4.754422568093388,4,3,13222860,0,0,0,0,0,0,0,0,0,0,1,3.0,0,0,1,1,0,14.424657534246576
4.1315,6.1507,5.5699,6.1096,10,2,2192000,3,0,0,0,0,0,0,0,0,0,1,3.0,0,1,1,0,0,8.419178082191781
5.1452,5.1452,2.0,2.0,4,1,2000000,1,0,1,0,0,0,0,0,0,0,0,1.0,1,0,1,1,0,8.419178082191781
3.0219,4.9589,6.5836,6.6822,11,2,9400000,2,0,0,0,0,0,0,0,0,0,1,2.0,1,1,0,0,0,8.419178082191781
5.3452,7.2274,3.055353047989626,4.754422568093388,2,4,13045000,0,0,0,0,0,0,0,0,0,0,1,2.0,1,1,0,0,0,10.421917808219177
0.1753,4.0986,0.7342,5.0493,8,4,10000000,3,0,1,0,0,0,0,0,0,0,0,1.25,1,1,0,0,0,7.419178082191781
1.4247,1.4247,1.0,1.0,7,1,6000000,1,0,0,0,0,1,0,0,0,0,0,2.0,1,1,0,0,0,6.419178082191781
2.0,3.5562,4.5699,4.5699,3,2,2100000,1,0,0,1,0,0,0,0,0,0,0,2.0,0,0,1,1,0,7.419178082191781
0.4192,0.8877,0.0849,1.863,3,2,3250000,3,0,0,0,0,0,0,0,0,0,1,1.0,1,1,1,0,0,3.5013698630136987
3.9178,9.3014,10.7507,10.7507,10,2,24500000,1,0,0,0,0,0,0,0,0,0,1,2.0,1,1,1,0,0,13.424657534246576
6.6027,6.6027,4.0027,4.0027,3,1,10360000,1,0,0,0,0,0,0,0,0,0,1,5.0,0,1,0,0,0,12.421917808219177
0.0192,1.5699,2.4849,4.8712,12,3,1310000,2,1,0,0,0,0,0,0,0,0,0,6.0,1,0,1,1,0,4.901369863013699
0.0,0.0,0.0,0.0,2,1,250000,1,0,0,0,0,0,0,1,0,0,0,1.0,0,0,1,1,0,3.0876712328767124
0.4192,1.0247,0.7726,2.1699,10,2,9800000,4,0,0,0,1,0,0,0,0,0,0,4.5,1,1,0,0,0,2.835616438356164
1.8247,1.8247,3.8959,5.9068,15,1,2300000,3,0,1,0,0,0,0,0,0,0,0,1.0,1,1,0,0,0,8.082191780821917
0.0822,0.8384,0.0,4.1836,4,2,4500000,5,0,0,0,0,0,1,0,0,0,0,5.5,0,1,1,0,0,6.1726027397260275
2.1616,5.7315,5.0027,5.0027,5,3,22000000,1,1,0,0,0,0,0,0,0,0,0,2.6667,1,1,0,0,0,10.421917808219177
0.6658,2.0795,3.0301,4.2877,23,3,10000000,3,0,0,0,0,1,0,0,0,0,0,2.6667,1,1,1,0,0,6.419178082191781
0.8904,2.2521,2.6603,2.7534,21,4,36500000,3,0,0,0,0,0,0,1,0,0,0,1.5,1,1,0,0,0,4.254794520547946
1.7507,9.9589,9.3425,10.4603,35,7,33672656,3,0,1,0,0,0,0,0,0,0,0,2.0,1,1,1,0,0,10.008219178082191
0.8603,2.926,3.0,3.0,4,3,19000000,1,0,0,0,1,0,0,0,0,0,0,2.0,1,1,0,0,0,4.416438356164384
3.4685,3.4685,2.0,2.0,3,1,30000000,1,0,0,0,0,0,0,0,0,0,1,4.0,1,1,0,0,0,11.421917808219177
1.5151,2.937,2.6384,3.8164,6,2,2250000,2,0,1,0,0,0,0,0,0,0,0,8.5,1,0,1,1,0,4.205479452054795
5.8658,9.9644,8.1699,8.1699,7,6,53818873,1,0,0,0,0,0,0,0,0,0,1,4.25,1,1,1,0,0,13.424657534246576
2.6658,2.6658,3.055353047989626,4.754422568093388,6,1,5500000,0,0,1,0,0,0,0,0,0,0,0,1.0,0,1,0,0,0,9.336986301369864
1.4959,1.6658,0.0,7.5233,2,2,30150000,3,0,0,0,0,1,0,0,0,0,0,1.5,0,1,0,0,0,7.419178082191781
1.0,2.7096,3.055353047989626,4.754422568093388,1,2,12000000,0,0,0,0,0,0,1,0,0,0,0,1.0,0,1,0,0,0,7.419178082191781
0.1644,1.4986,3.1644,5.5479,6,2,3500000,2,1,0,0,0,0,0,0,0,0,0,1.0,1,1,1,0,0,5.419178082191781
1.4301,1.4301,2.3452,3.4575,5,1,4000000,3,1,0,0,0,0,0,0,0,0,0,4.0,1,1,0,0,0,7.419178082191781
2.4521,3.6027,3.055353047989626,4.754422568093388,9,2,4000000,0,0,0,0,0,0,0,0,0,0,1,1.0,0,1,0,0,0,4.416438356164384
5.8274,7.7151,10.0082,10.0082,11,2,25000000,1,1,0,0,0,0,0,0,0,0,0,4.5,1,0,1,1,0,13.424657534246576
0.8356,3.7616,0.9041,0.9041,5,3,1420698,1,0,0,1,0,0,0,0,0,0,0,2.0,1,0,1,1,0,5.838356164383562
0.337,5.2301,4.1726,5.7205,13,4,53000000,3,0,0,0,0,0,0,0,0,0,1,4.5,1,1,1,0,0,7.923287671232877
0.4658,1.2247,0.0,1.2247,5,2,300000,2,0,0,0,0,0,1,0,0,0,0,2.0,0,1,1,0,0,3.0876712328767124
5.6685,8.5014,6.7534,8.0932,4,3,1400000,2,1,0,0,0,0,0,0,0,0,0,1.0,1,0,1,1,0,11.421917808219177
2.9178,4.2548,2.0027,7.1699,4,2,6500000,3,0,1,0,0,0,0,0,0,0,0,7.0,1,1,0,0,0,9.421917808219177
1.2795,1.2795,2.7041,3.5836,8,1,5000000,3,0,0,0,0,0,0,0,0,0,1,1.0,1,1,0,0,0,4.583561643835616
2.9342,5.5342,3.9178,6.1973,6,2,9600000,2,0,0,0,1,0,0,0,0,0,0,3.0,1,1,0,0,0,6.419178082191781
0.9151,3.7479,0.5808,4.8822,14,3,28000000,2,0,0,0,0,0,0,0,0,0,1,2.6667,1,1,0,0,0,7.419178082191781
4.7479,5.2301,5.8548,7.7562,10,2,30000000,3,0,0,0,0,0,0,0,0,0,1,1.0,1,0,1,1,0,8.419178082191781
1.0,2.1644,4.3644,5.3342,10,2,3500000,2,0,0,0,0,0,1,0,0,0,0,2.0,1,1,1,0,0,6.419178082191781
11.1452,11.1452,3.055353047989626,4.754422568093388,0,1,18000000,0,0,0,0,0,0,0,0,0,0,1,7.0,0,1,0,0,0,17.427397260273974
7.537,7.537,7.0055,7.0055,6,1,15000000,1,0,0,0,0,0,0,0,0,0,1,6.0,1,1,0,0,0,10.421917808219177
3.9178,3.9178,3.055353047989626,4.754422568093388,2,2,12000000,0,0,0,0,0,0,0,0,0,0,1,4.0,0,1,0,0,0,9.421917808219177
1.2849,1.2849,0.0,0.0,1,1,15000,1,0,0,0,0,0,0,1,0,0,0,1.0,0,0,1,1,0,3.7013698630136984
1.3096,1.3096,1.3096,2.8822,11,1,200000,3,0,0,0,0,0,0,0,0,0,1,1.0,1,0,1,1,0,3.5424657534246577
4.0274,4.0274,3.055353047989626,4.754422568093388,0,1,15000000,0,0,0,0,0,0,0,0,0,0,1,1.0,0,1,0,0,0,10.421917808219177
0.7562,4.4137,2.7836,4.0027,14,4,34250000,2,0,0,0,0,0,0,0,0,0,1,2.25,1,1,1,0,0,5.419178082191781
0.0,2.7205,1.0027,5.9479,4,4,3800000,4,0,0,0,0,0,0,0,0,0,1,4.75,1,1,1,0,0,5.419178082191781
4.4521,6.1151,6.5863,6.5863,3,2,10100000,1,1,0,0,0,0,0,0,0,0,0,3.0,1,1,1,0,0,10.421917808219177
4.0795,4.0795,3.055353047989626,4.754422568093388,0,1,4000000,0,1,0,0,0,0,0,0,0,0,0,6.0,0,1,0,0,0,10.421917808219177
1.9562,1.9562,1.9562,2.0027,11,1,3011408,3,1,0,0,0,0,0,0,0,0,0,1.0,1,1,0,0,0,5.419178082191781
9.7315,9.7315,6.0027,6.0027,2,1,8000000,1,1,0,0,0,0,0,0,0,0,0,3.0,0,0,1,1,0,15.424657534246576
0.0,2.8795,2.3397,2.3397,15,2,12700000,1,0,0,0,0,0,0,0,0,0,1,1.5,1,1,0,0,0,2.9205479452054797
0.0,0.0,0.3342,3.2219,5,1,300000,4,0,0,0,0,0,0,0,0,0,1,2.0,0,0,1,1,0,5.7534246575342465
4.0877,4.0877,4.6685,5.1863,13,1,1000000,2,0,0,0,0,1,0,0,0,0,0,5.0,1,0,1,1,0,4.835616438356165
0.0,0.0,3.055353047989626,4.754422568093388,2,1,125000,0,0,0,0,1,0,0,0,0,0,0,1.0,0,0,1,1,0,4.750684931506849
0.2247,0.9534,0.5808,1.0685,2,2,700000,2,0,1,0,0,0,0,0,0,0,0,2.5,0,0,1,1,0,3.4164383561643836
0.2521,0.6438,1.2685,1.7479,6,2,532000,2,0,0,0,1,0,0,0,0,0,0,5.0,1,0,1,1,0,2.835616438356164
0.2137,2.2137,4.6301,5.5534,8,2,8500000,3,0,1,0,0,0,0,0,0,0,0,1.0,1,1,0,0,0,7.884931506849315
3.5699,3.5699,5.8795,9.3808,2,1,9400000,3,0,0,0,0,0,0,0,0,0,1,1.0,1,1,0,0,0,10.421917808219177
1.1671,3.211,0.7534,2.811,16,2,12300000,3,0,0,0,1,0,0,0,0,0,0,1.5,1,1,0,0,0,7.1726027397260275
1.5753,5.9589,4.4164,4.4164,6,5,25413298,1,0,0,0,0,0,0,0,0,0,1,3.0,1,1,1,0,0,7.419178082191781
0.4329,1.126,2.6904,3.5397,23,2,9800000,2,0,0,0,0,0,0,0,0,0,1,4.5,1,1,1,0,0,3.0876712328767124
0.0,3.4712,0.0,1.9123,4,5,10000003,2,0,0,0,1,0,0,0,0,0,0,1.5,1,1,1,0,0,4.416438356164384
0.9397,0.9397,1.4959,3.8164,4,1,100000,2,0,0,0,0,0,0,0,0,0,1,3.0,1,0,1,1,0,3.750684931506849
1.926,1.926,1.6685,2.4658,1,1,12000000,2,1,0,0,0,0,0,0,0,0,0,2.0,1,0,1,1,0,2.4164383561643836
0.3178,0.6795,0.7945,2.8521,16,2,11450000,3,0,0,0,0,0,0,0,0,0,1,8.5,1,1,1,0,0,3.0876712328767124
2.5808,2.5808,3.0027,4.6082,4,1,20000000,2,1,0,0,0,0,0,0,0,0,0,4.0,0,1,0,0,0,7.419178082191781
2.9671,3.7151,6.9671,8.3342,16,2,42500000,3,0,0,0,0,0,0,0,0,0,1,5.5,1,1,0,0,0,10.421917808219177
0.0,2.3479,0.0,5.1616,7,3,22487000,2,0,0,0,0,0,0,0,0,0,1,2.3333,1,1,1,0,0,7.419178082191781
2.337,2.337,0.5808,2.3726,5,1,4000000,4,0,0,1,0,0,0,0,0,0,0,1.0,0,1,0,0,0,4.668493150684932
0.7918,4.3205,3.9753,3.9753,5,3,25500000,1,0,0,0,0,0,0,0,0,0,1,2.6667,1,1,0,0,0,5.419178082191781
5.8603,7.6986,5.8603,7.6712,28,4,28932322,3,0,0,0,0,1,0,0,0,0,0,2.6667,1,1,1,0,0,8.419178082191781
0.9616,5.7151,6.0438,6.8849,18,6,35200000,3,0,0,0,0,0,0,0,0,0,1,2.3333,1,1,1,0,0,6.380821917808219
5.2027,8.1178,8.0055,8.0055,2,2,10000000,1,0,0,0,0,0,0,0,0,0,1,2.5,0,1,1,0,0,13.424657534246576
0.7178,3.7068,0.537,3.6274,11,3,22100000,4,0,0,0,0,0,0,0,0,0,1,2.6667,1,1,1,0,0,5.4
3.0521,9.4767,1.0,1.0,4,5,33000000,1,0,0,1,0,0,0,0,0,0,0,2.0,1,1,1,0,0,12.421917808219177
6.2986,6.2986,6.0027,6.0027,9,1,15000000,1,0,0,0,0,0,0,0,1,0,0,3.0,1,0,0,0,1,12.421917808219177
6.937,9.1589,6.0055,6.0055,6,3,13000000,1,0,0,1,0,0,0,0,0,0,0,3.0,1,1,0,0,0,13.424657534246576
1.9671,3.1945,2.2493,2.2493,5,2,12800000,1,0,0,1,0,0,0,0,0,0,0,2.5,1,1,0,0,0,9.421917808219177
0.1671,3.7808,3.8356,6.1178,6,2,626096,3,0,0,1,0,0,0,0,0,0,0,1.0,0,1,1,0,0,5.586301369863014
5.7836,5.7836,2.0027,2.0027,1,1,10000000,1,0,0,0,0,0,0,0,0,0,1,3.0,0,0,1,1,0,9.421917808219177
0.5671,0.5671,0.5671,2.3534,5,1,425000,3,0,1,0,0,0,0,0,0,0,0,2.0,1,0,1,1,0,2.4164383561643836
5.3644,7.9781,5.2521,5.2521,5,3,37891054,1,0,0,0,0,0,0,0,0,0,1,3.0,1,1,1,0,0,10.421917808219177
1.0877,7.7616,6.8849,6.8849,9,5,40000000,1,0,0,1,0,0,0,0,0,0,0,4.0,1,1,1,0,0,9.421917808219177
0.7014,2.126,2.4027,4.0548,10,3,5550000,4,0,0,0,0,0,1,0,0,0,0,3.0,1,1,0,0,0,5.7534246575342465
0.5808,0.5808,0.0,2.1315,3,1,770000,3,0,0,1,0,0,0,0,0,0,0,6.0,1,0,1,1,0,3.4164383561643836
0.1068,4.7342,3.055353047989626,4.754422568093388,0,4,19550000,0,0,0,0,0,0,0,0,0,1,0,1.0,0,1,1,0,0,6.7534246575342465
1.4795,2.2521,2.2521,2.2521,6,2,4000000,1,0,1,0,0,0,0,0,0,0,0,1.0,1,0,1,1,0,5.671232876712328
1.0849,5.8192,6.3507,9.4411,14,4,42000000,4,0,1,0,0,0,0,0,0,0,0,2.3333,1,1,0,0,0,9.257534246575343
3.6548,3.6548,3.055353047989626,4.754422568093388,0,1,1900000,0,0,0,0,0,0,0,0,0,0,1,1.0,0,1,0,0,0,8.419178082191781
1.1781,2.7151,2.5178,3.6685,21,3,45039999,3,0,0,0,0,0,1,0,0,0,0,3.6667,1,1,0,0,0,4.583561643835616
4.5315,4.5315,5.5288,5.5288,1,1,1310000,1,0,0,0,0,0,0,0,0,0,1,4.0,0,0,1,1,0,7.419178082191781
7.0027,7.0027,7.6712,7.6712,3,1,3000000,1,0,0,0,0,0,0,0,0,0,1,3.0,1,1,0,0,0,12.421917808219177
0.0,3.4548,2.0247,3.9753,9,4,36000000,3,1,0,0,0,0,0,0,0,0,0,3.0,1,1,0,0,0,5.419178082191781
0.1644,0.1644,1.4822,1.4822,3,1,3000000,1,1,0,0,0,0,0,0,0,0,0,1.0,1,0,1,1,0,3.0876712328767124
0.6685,0.6685,0.7973,5.2849,1,1,1300000,3,0,1,0,0,0,0,0,0,0,0,8.0,0,0,1,1,0,6.005479452054795
9.7534,9.7534,9.7534,9.7534,1,1,50000,1,1,0,0,0,0,0,0,0,0,0,1.0,0,0,1,1,0,16.424657534246574
6.2849,6.2849,5.7507,7.3068,15,1,6500000,3,0,1,0,0,0,0,0,0,0,0,8.0,1,1,0,0,0,7.3342465753424655
0.6822,1.3096,0.3288,2.5945,5,2,4600000,2,0,0,0,0,1,0,0,0,0,0,9.0,1,1,1,0,0,2.4164383561643836
2.1233,6.0192,2.0,6.5123,5,3,21900000,2,1,0,0,0,0,0,0,0,0,0,1.6667,1,1,1,0,0,8.419178082191781
0.4904,0.4904,1.1808,1.1808,6,1,240000,1,0,0,0,0,0,1,0,0,0,0,2.0,1,0,1,1,0,4.991780821917808
0.0,5.3014,5.0027,5.0027,17,4,34700000,1,1,0,0,0,0,0,0,0,0,0,2.25,1,1,1,0,0,8.419178082191781
1.2274,5.8712,3.6466,6.6959,4,4,33000000,2,1,0,0,0,0,0,0,0,0,0,5.3333,1,1,1,0,0,9.065753424657535
1.3014,2.4685,0.0,2.4685,3,2,1800000,2,0,0,0,0,0,0,0,0,0,1,5.0,0,0,1,1,0,2.750684931506849
0.0,3.6548,3.1507,5.3123,14,3,27300000,4,0,0,0,0,1,0,0,0,0,0,3.0,1,1,0,0,0,7.419178082191781
3.1342,5.2521,3.1342,3.5425,6,2,6760000,2,0,1,0,0,0,0,0,0,0,0,1.5,0,0,1,1,0,6.419178082191781
0.0,6.4986,0.337,10.0082,24,3,26914000,3,1,0,0,0,0,0,0,0,0,0,6.0,1,1,0,0,0,13.424657534246576
3.7562,3.7562,3.055353047989626,4.754422568093388,1,1,27500000,0,0,0,0,0,0,0,0,0,0,1,7.0,1,1,0,0,0,11.421917808219177
4.2795,4.2795,3.055353047989626,4.754422568093388,4,1,9000000,0,0,0,0,0,0,0,0,0,0,1,2.0,0,1,0,0,0,10.421917808219177
5.3041,8.6247,3.055353047989626,4.754422568093388,4,3,53000000,0,0,0,0,0,0,0,0,0,0,1,4.6667,1,1,0,0,0,13.424657534246576
2.3315,6.6767,6.9589,8.9342,17,4,23100000,3,0,0,0,0,0,0,0,0,0,1,2.0,1,1,1,0,0,9.421917808219177
0.8329,3.937,3.4822,7.6658,26,4,55000000,5,0,1,0,0,0,0,0,0,0,0,2.75,1,1,0,0,0,8.419178082191781
1.0822,2.8548,1.611,4.5096,9,2,5686383,3,0,0,1,0,0,0,0,0,0,0,2.0,1,1,0,0,0,4.16986301369863
4.4466,8.0849,6.5863,6.5863,4,6,49008830,1,0,0,0,0,0,0,0,1,0,0,3.0,0,1,1,0,0,9.421917808219177
1.6055,3.5479,3.055353047989626,4.754422568093388,10,3,32200000,0,0,0,1,0,0,0,0,0,0,0,4.0,1,1,0,0,0,8.115068493150686
1.2904,1.2904,7.1233,7.1233,3,1,2000000,1,0,1,0,0,0,0,0,0,0,0,1.0,0,1,0,0,0,6.671232876712328
3.2137,3.2137,3.0027,4.6219,5,1,2700000,2,0,0,0,0,0,1,0,0,0,0,2.0,1,1,0,0,0,6.419178082191781
5.1315,5.1315,3.1616,8.5123,6,1,2000000,2,0,0,0,0,1,0,0,0,0,0,2.0,0,1,0,0,0,8.498630136986302
0.0,3.9288,2.9151,5.7342,16,3,18000000,3,0,0,0,0,1,0,0,0,0,0,2.3333,1,1,1,0,0,6.739726027397261
0.5178,0.5178,0.5808,4.526,9,1,1100000,2,0,0,0,0,1,0,0,0,0,0,6.0,1,1,0,0,0,4.416438356164384
7.2521,9.2274,6.0027,6.0027,1,3,52000000,1,0,0,0,0,0,0,0,0,0,1,2.6667,0,1,1,0,0,15.424657534246576
8.4959,8.4959,9.0055,9.0055,5,1,44000000,1,0,0,0,0,0,0,0,1,0,0,8.0,0,1,0,0,0,14.424657534246576
0.7589,2.8329,0.7589,3.8356,12,2,15500000,2,1,0,0,0,0,0,0,0,0,0,1.0,1,1,0,0,0,4.416438356164384
3.1205,3.1205,4.0027,4.0027,4,1,20000000,1,0,0,0,0,0,0,0,0,0,1,3.0,1,1,0,0,0,10.421917808219177
